[0m19:55:08.452804 [debug] [MainThread]: Sending event: {'category': 'dbt', 'action': 'invocation', 'label': 'start', 'context': [<snowplow_tracker.self_describing_json.SelfDescribingJson object at 0x0000019BB57ADD30>, <snowplow_tracker.self_describing_json.SelfDescribingJson object at 0x0000019BB7DABD90>, <snowplow_tracker.self_describing_json.SelfDescribingJson object at 0x0000019BB7DABC50>]}


============================== 19:55:08.456883 | 3dfba809-0860-4cd5-8492-4960a4f8eb09 ==============================
[0m19:55:08.456883 [info ] [MainThread]: Running with dbt=1.12.4
[0m19:55:08.457468 [debug] [MainThread]: running dbt with arguments {'version_check': 'True', 'no_print': 'None', 'static_parser': 'True', 'warn_error_options': 'WarnErrorOptionsV2(error=[], warn=[], silence=[])', 'maximum_seed_size_mib': '1', 'target_path': 'None', 'printer_width': '80', 'write_json': 'True', 'empty': 'None', 'log_cache_events': 'False', 'introspect': 'True', 'cache_selected_only': 'False', 'fail_fast': 'False', 'debug': 'False', 'log_format': 'default', 'profiles_dir': 'C:\\Users\\Ayush Badola\\.dbt', 'send_anonymous_usage_stats': 'True', 'quiet': 'False', 'warn_error': 'None', 'partial_parse': 'True', 'use_colors': 'True', 'hints_enabled': 'True', 'invocation_command': 'dbt debug', 'use_experimental_parser': 'False', 'indirect_selection': 'eager', 'log_path': 'logs'}
[0m19:55:08.477355 [info ] [MainThread]: dbt version: 1.12.4
[0m19:55:08.477936 [info ] [MainThread]: python version: 3.13.3
[0m19:55:08.478266 [info ] [MainThread]: python path: C:\Users\Ayush Badola\AppData\Local\Programs\Python\Python313\python.exe
[0m19:55:08.478571 [info ] [MainThread]: os info: Windows-11-10.0.26200-SP0
[0m19:55:08.478948 [info ] [MainThread]: Using profiles dir at C:\Users\Ayush Badola\.dbt
[0m19:55:08.479320 [info ] [MainThread]: Using profiles.yml file at C:\Users\Ayush Badola\.dbt\profiles.yml
[0m19:55:08.479677 [info ] [MainThread]: Using dbt_project.yml file at C:\7thsem\uttarakhand-trek-intelligence\pipeline\dbt\dbt_project.yml
[0m19:55:08.480471 [info ] [MainThread]: Configuration:
[0m19:55:08.480763 [info ] [MainThread]:   profiles.yml file [[31mERROR not found[0m]
[0m19:55:08.481024 [info ] [MainThread]:   dbt_project.yml file [[31mERROR invalid[0m]
[0m19:55:08.481394 [info ] [MainThread]: Required dependencies:
[0m19:55:08.481723 [debug] [MainThread]: Executing "git --help"
[0m19:55:08.520153 [debug] [MainThread]: STDOUT: "b"usage: git [-v | --version] [-h | --help] [-C <path>] [-c <name>=<value>]\n           [--exec-path[=<path>]] [--html-path] [--man-path] [--info-path]\n           [-p | --paginate | -P | --no-pager] [--no-replace-objects] [--no-lazy-fetch]\n           [--no-optional-locks] [--no-advice] [--bare] [--git-dir=<path>]\n           [--work-tree=<path>] [--namespace=<name>] [--config-env=<name>=<envvar>]\n           <command> [<args>]\n\nThese are common Git commands used in various situations:\n\nstart a working area (see also: git help tutorial)\n   clone      Clone a repository into a new directory\n   init       Create an empty Git repository or reinitialize an existing one\n\nwork on the current change (see also: git help everyday)\n   add        Add file contents to the index\n   mv         Move or rename a file, a directory, or a symlink\n   restore    Restore working tree files\n   rm         Remove files from the working tree and from the index\n\nexamine the history and state (see also: git help revisions)\n   bisect     Use binary search to find the commit that introduced a bug\n   diff       Show changes between commits, commit and working tree, etc\n   grep       Print lines matching a pattern\n   log        Show commit logs\n   show       Show various types of objects\n   status     Show the working tree status\n\ngrow, mark and tweak your common history\n   backfill   Download missing objects in a partial clone\n   branch     List, create, or delete branches\n   commit     Record changes to the repository\n   merge      Join two or more development histories together\n   rebase     Reapply commits on top of another base tip\n   reset      Reset current HEAD to the specified state\n   switch     Switch branches\n   tag        Create, list, delete or verify a tag object signed with GPG\n\ncollaborate (see also: git help workflows)\n   fetch      Download objects and refs from another repository\n   pull       Fetch from and integrate with another repository or a local branch\n   push       Update remote refs along with associated objects\n\n'git help -a' and 'git help -g' list available subcommands and some\nconcept guides. See 'git help <command>' or 'git help <concept>'\nto read about a specific subcommand or concept.\nSee 'git help git' for an overview of the system.\n""
[0m19:55:08.520633 [debug] [MainThread]: STDERR: "b''"
[0m19:55:08.520994 [info ] [MainThread]:  - git [[32mOK found[0m]

[0m19:55:08.521416 [info ] [MainThread]: Connection test skipped since no profile was found
[0m19:55:08.521840 [info ] [MainThread]: [31m2 checks failed:[0m
[0m19:55:08.522239 [info ] [MainThread]: dbt looked for a profiles.yml file in C:\Users\Ayush Badola\.dbt\profiles.yml, but did
not find one. For more information on configuring your profile, consult the
documentation:

https://docs.getdbt.com/docs/configure-your-profile


[0m19:55:08.522596 [info ] [MainThread]: Project loading failed for the following reason:
Runtime Error
  dbt_project.yml does not parse to a dictionary


[0m19:55:08.523433 [debug] [MainThread]: Command `dbt debug` failed at 19:55:08.523304 after 0.19 seconds
[0m19:55:08.523801 [debug] [MainThread]: Sending event: {'category': 'dbt', 'action': 'invocation', 'label': 'end', 'context': [<snowplow_tracker.self_describing_json.SelfDescribingJson object at 0x0000019BB7E02060>, <snowplow_tracker.self_describing_json.SelfDescribingJson object at 0x0000019BB7C3BBF0>, <snowplow_tracker.self_describing_json.SelfDescribingJson object at 0x0000019BB7E706B0>]}
[0m19:55:08.524132 [debug] [MainThread]: Flushing usage events
[0m19:55:10.387254 [debug] [MainThread]: An error was encountered while trying to flush usage events
[0m19:57:01.765517 [debug] [MainThread]: Sending event: {'category': 'dbt', 'action': 'invocation', 'label': 'start', 'context': [<snowplow_tracker.self_describing_json.SelfDescribingJson object at 0x000001EF1023DD30>, <snowplow_tracker.self_describing_json.SelfDescribingJson object at 0x000001EF1283FD90>, <snowplow_tracker.self_describing_json.SelfDescribingJson object at 0x000001EF1283FC50>]}


============================== 19:57:01.769563 | d90067ac-7f9a-4c2b-bdf1-f40a1d91a0d4 ==============================
[0m19:57:01.769563 [info ] [MainThread]: Running with dbt=1.12.4
[0m19:57:01.770117 [debug] [MainThread]: running dbt with arguments {'maximum_seed_size_mib': '1', 'no_print': 'None', 'static_parser': 'True', 'warn_error_options': 'WarnErrorOptionsV2(error=[], warn=[], silence=[])', 'target_path': 'None', 'version_check': 'True', 'printer_width': '80', 'write_json': 'True', 'introspect': 'True', 'log_cache_events': 'False', 'empty': 'None', 'cache_selected_only': 'False', 'fail_fast': 'False', 'debug': 'False', 'log_format': 'default', 'profiles_dir': 'C:\\Users\\Ayush Badola\\.dbt', 'send_anonymous_usage_stats': 'True', 'quiet': 'False', 'warn_error': 'None', 'partial_parse': 'True', 'use_colors': 'True', 'hints_enabled': 'True', 'invocation_command': 'dbt debug', 'use_experimental_parser': 'False', 'indirect_selection': 'eager', 'log_path': 'C:\\7thsem\\uttarakhand-trek-intelligence\\pipeline\\dbt\\logs'}
[0m19:57:01.788182 [info ] [MainThread]: dbt version: 1.12.4
[0m19:57:01.788767 [info ] [MainThread]: python version: 3.13.3
[0m19:57:01.789242 [info ] [MainThread]: python path: C:\Users\Ayush Badola\AppData\Local\Programs\Python\Python313\python.exe
[0m19:57:01.789673 [info ] [MainThread]: os info: Windows-11-10.0.26200-SP0
[0m19:57:01.790143 [info ] [MainThread]: Using profiles dir at C:\Users\Ayush Badola\.dbt
[0m19:57:01.790515 [info ] [MainThread]: Using profiles.yml file at C:\Users\Ayush Badola\.dbt\profiles.yml
[0m19:57:01.790967 [info ] [MainThread]: Using dbt_project.yml file at C:\7thsem\uttarakhand-trek-intelligence\pipeline\dbt\dbt_project.yml
[0m19:57:01.882884 [info ] [MainThread]: Configuration:
[0m19:57:01.883474 [info ] [MainThread]:   profiles.yml file [[31mERROR not found[0m]
[0m19:57:01.883866 [info ] [MainThread]:   dbt_project.yml file [[32mOK found and valid[0m]
[0m19:57:01.884366 [info ] [MainThread]: Required dependencies:
[0m19:57:01.884771 [debug] [MainThread]: Executing "git --help"
[0m19:57:01.921962 [debug] [MainThread]: STDOUT: "b"usage: git [-v | --version] [-h | --help] [-C <path>] [-c <name>=<value>]\n           [--exec-path[=<path>]] [--html-path] [--man-path] [--info-path]\n           [-p | --paginate | -P | --no-pager] [--no-replace-objects] [--no-lazy-fetch]\n           [--no-optional-locks] [--no-advice] [--bare] [--git-dir=<path>]\n           [--work-tree=<path>] [--namespace=<name>] [--config-env=<name>=<envvar>]\n           <command> [<args>]\n\nThese are common Git commands used in various situations:\n\nstart a working area (see also: git help tutorial)\n   clone      Clone a repository into a new directory\n   init       Create an empty Git repository or reinitialize an existing one\n\nwork on the current change (see also: git help everyday)\n   add        Add file contents to the index\n   mv         Move or rename a file, a directory, or a symlink\n   restore    Restore working tree files\n   rm         Remove files from the working tree and from the index\n\nexamine the history and state (see also: git help revisions)\n   bisect     Use binary search to find the commit that introduced a bug\n   diff       Show changes between commits, commit and working tree, etc\n   grep       Print lines matching a pattern\n   log        Show commit logs\n   show       Show various types of objects\n   status     Show the working tree status\n\ngrow, mark and tweak your common history\n   backfill   Download missing objects in a partial clone\n   branch     List, create, or delete branches\n   commit     Record changes to the repository\n   merge      Join two or more development histories together\n   rebase     Reapply commits on top of another base tip\n   reset      Reset current HEAD to the specified state\n   switch     Switch branches\n   tag        Create, list, delete or verify a tag object signed with GPG\n\ncollaborate (see also: git help workflows)\n   fetch      Download objects and refs from another repository\n   pull       Fetch from and integrate with another repository or a local branch\n   push       Update remote refs along with associated objects\n\n'git help -a' and 'git help -g' list available subcommands and some\nconcept guides. See 'git help <command>' or 'git help <concept>'\nto read about a specific subcommand or concept.\nSee 'git help git' for an overview of the system.\n""
[0m19:57:01.922410 [debug] [MainThread]: STDERR: "b''"
[0m19:57:01.922778 [info ] [MainThread]:  - git [[32mOK found[0m]

[0m19:57:01.923305 [info ] [MainThread]: Connection test skipped since no profile was found
[0m19:57:01.923704 [info ] [MainThread]: [31m1 check failed:[0m
[0m19:57:01.924053 [info ] [MainThread]: dbt looked for a profiles.yml file in C:\Users\Ayush Badola\.dbt\profiles.yml, but did
not find one. For more information on configuring your profile, consult the
documentation:

https://docs.getdbt.com/docs/configure-your-profile


[0m19:57:01.924874 [debug] [MainThread]: Command `dbt debug` failed at 19:57:01.924752 after 0.27 seconds
[0m19:57:01.925201 [debug] [MainThread]: Sending event: {'category': 'dbt', 'action': 'invocation', 'label': 'end', 'context': [<snowplow_tracker.self_describing_json.SelfDescribingJson object at 0x000001EF12895F30>, <snowplow_tracker.self_describing_json.SelfDescribingJson object at 0x000001EF12A16D50>, <snowplow_tracker.self_describing_json.SelfDescribingJson object at 0x000001EF1295EAD0>]}
[0m19:57:01.925528 [debug] [MainThread]: Flushing usage events
[0m19:57:03.218948 [debug] [MainThread]: An error was encountered while trying to flush usage events
[0m20:01:58.643082 [debug] [MainThread]: Sending event: {'category': 'dbt', 'action': 'invocation', 'label': 'start', 'context': [<snowplow_tracker.self_describing_json.SelfDescribingJson object at 0x000002309DC4DD30>, <snowplow_tracker.self_describing_json.SelfDescribingJson object at 0x00000230A024FD90>, <snowplow_tracker.self_describing_json.SelfDescribingJson object at 0x00000230A024FC50>]}


============================== 20:01:58.647267 | 129df486-b1e2-4f35-b04c-aba435251537 ==============================
[0m20:01:58.647267 [info ] [MainThread]: Running with dbt=1.12.4
[0m20:01:58.647900 [debug] [MainThread]: running dbt with arguments {'maximum_seed_size_mib': '1', 'no_print': 'None', 'version_check': 'True', 'target_path': 'None', 'static_parser': 'True', 'warn_error_options': 'WarnErrorOptionsV2(error=[], warn=[], silence=[])', 'printer_width': '80', 'write_json': 'True', 'empty': 'None', 'log_cache_events': 'False', 'introspect': 'True', 'cache_selected_only': 'False', 'log_format': 'default', 'debug': 'False', 'fail_fast': 'False', 'profiles_dir': 'C:\\Users\\Ayush Badola\\.dbt', 'send_anonymous_usage_stats': 'True', 'quiet': 'False', 'warn_error': 'None', 'partial_parse': 'True', 'use_colors': 'True', 'hints_enabled': 'True', 'indirect_selection': 'eager', 'use_experimental_parser': 'False', 'invocation_command': 'dbt debug', 'log_path': 'C:\\7thsem\\uttarakhand-trek-intelligence\\pipeline\\dbt\\logs'}
[0m20:01:58.668030 [info ] [MainThread]: dbt version: 1.12.4
[0m20:01:58.668636 [info ] [MainThread]: python version: 3.13.3
[0m20:01:58.668966 [info ] [MainThread]: python path: C:\Users\Ayush Badola\AppData\Local\Programs\Python\Python313\python.exe
[0m20:01:58.669245 [info ] [MainThread]: os info: Windows-11-10.0.26200-SP0
[0m20:01:59.410555 [debug] [MainThread]: Snowflake adapter: Setting snowflake.connector to ERROR (file logging only)
[0m20:01:59.413081 [debug] [MainThread]: Snowflake adapter: Setting botocore to ERROR (file logging only)
[0m20:01:59.413391 [debug] [MainThread]: Snowflake adapter: Setting boto3 to ERROR (file logging only)
[0m20:01:59.530421 [info ] [MainThread]: Using profiles dir at C:\Users\Ayush Badola\.dbt
[0m20:01:59.531077 [info ] [MainThread]: Using profiles.yml file at C:\Users\Ayush Badola\.dbt\profiles.yml
[0m20:01:59.531483 [info ] [MainThread]: Using dbt_project.yml file at C:\7thsem\uttarakhand-trek-intelligence\pipeline\dbt\dbt_project.yml
[0m20:01:59.532640 [info ] [MainThread]: adapter type: snowflake
[0m20:01:59.533031 [info ] [MainThread]: adapter version: 1.12.0
[0m20:01:59.620486 [info ] [MainThread]: Configuration:
[0m20:01:59.621103 [info ] [MainThread]:   profiles.yml file [[32mOK found and valid[0m]
[0m20:01:59.621497 [info ] [MainThread]:   dbt_project.yml file [[32mOK found and valid[0m]
[0m20:01:59.621895 [info ] [MainThread]: Required dependencies:
[0m20:01:59.622262 [debug] [MainThread]: Executing "git --help"
[0m20:01:59.659390 [debug] [MainThread]: STDOUT: "b"usage: git [-v | --version] [-h | --help] [-C <path>] [-c <name>=<value>]\n           [--exec-path[=<path>]] [--html-path] [--man-path] [--info-path]\n           [-p | --paginate | -P | --no-pager] [--no-replace-objects] [--no-lazy-fetch]\n           [--no-optional-locks] [--no-advice] [--bare] [--git-dir=<path>]\n           [--work-tree=<path>] [--namespace=<name>] [--config-env=<name>=<envvar>]\n           <command> [<args>]\n\nThese are common Git commands used in various situations:\n\nstart a working area (see also: git help tutorial)\n   clone      Clone a repository into a new directory\n   init       Create an empty Git repository or reinitialize an existing one\n\nwork on the current change (see also: git help everyday)\n   add        Add file contents to the index\n   mv         Move or rename a file, a directory, or a symlink\n   restore    Restore working tree files\n   rm         Remove files from the working tree and from the index\n\nexamine the history and state (see also: git help revisions)\n   bisect     Use binary search to find the commit that introduced a bug\n   diff       Show changes between commits, commit and working tree, etc\n   grep       Print lines matching a pattern\n   log        Show commit logs\n   show       Show various types of objects\n   status     Show the working tree status\n\ngrow, mark and tweak your common history\n   backfill   Download missing objects in a partial clone\n   branch     List, create, or delete branches\n   commit     Record changes to the repository\n   merge      Join two or more development histories together\n   rebase     Reapply commits on top of another base tip\n   reset      Reset current HEAD to the specified state\n   switch     Switch branches\n   tag        Create, list, delete or verify a tag object signed with GPG\n\ncollaborate (see also: git help workflows)\n   fetch      Download objects and refs from another repository\n   pull       Fetch from and integrate with another repository or a local branch\n   push       Update remote refs along with associated objects\n\n'git help -a' and 'git help -g' list available subcommands and some\nconcept guides. See 'git help <command>' or 'git help <concept>'\nto read about a specific subcommand or concept.\nSee 'git help git' for an overview of the system.\n""
[0m20:01:59.659946 [debug] [MainThread]: STDERR: "b''"
[0m20:01:59.660335 [info ] [MainThread]:  - git [[32mOK found[0m]

[0m20:01:59.660807 [info ] [MainThread]: Connection:
[0m20:01:59.661233 [info ] [MainThread]:   account: ND77878
[0m20:01:59.661520 [info ] [MainThread]:   user: AYUSHBADOLA74
[0m20:01:59.661782 [info ] [MainThread]:   database: UTTARAKHAND_TREK_DB
[0m20:01:59.662085 [info ] [MainThread]:   warehouse: YOUR_WAREHOUSE
[0m20:01:59.662412 [info ] [MainThread]:   role: ACCOUNTADMIN
[0m20:01:59.662752 [info ] [MainThread]:   schema: TREK_ANALYTICS
[0m20:01:59.663064 [info ] [MainThread]:   authenticator: None
[0m20:01:59.663362 [info ] [MainThread]:   oauth_client_id: None
[0m20:01:59.663628 [info ] [MainThread]:   query_tag: None
[0m20:01:59.663878 [info ] [MainThread]:   client_session_keep_alive: False
[0m20:01:59.664122 [info ] [MainThread]:   host: None
[0m20:01:59.664358 [info ] [MainThread]:   port: None
[0m20:01:59.664591 [info ] [MainThread]:   proxy_host: None
[0m20:01:59.664832 [info ] [MainThread]:   proxy_port: None
[0m20:01:59.665078 [info ] [MainThread]:   protocol: None
[0m20:01:59.665355 [info ] [MainThread]:   connect_retries: 1
[0m20:01:59.665628 [info ] [MainThread]:   connect_timeout: None
[0m20:01:59.665885 [info ] [MainThread]:   retry_on_database_errors: False
[0m20:01:59.666135 [info ] [MainThread]:   retry_all: False
[0m20:01:59.666373 [info ] [MainThread]:   insecure_mode: False
[0m20:01:59.666648 [info ] [MainThread]:   reuse_connections: True
[0m20:01:59.666929 [info ] [MainThread]:   s3_stage_vpce_dns_name: None
[0m20:01:59.667279 [info ] [MainThread]:   workload_identity_provider: None
[0m20:01:59.667609 [info ] [MainThread]:   workload_identity_entra_resource: None
[0m20:01:59.667918 [info ] [MainThread]:   platform_detection_timeout_seconds: 0.0
[0m20:01:59.668454 [info ] [MainThread]: Registered adapter: snowflake=1.12.0
[0m20:01:59.985158 [debug] [MainThread]: Acquiring new snowflake connection 'debug'
[0m20:01:59.987561 [debug] [MainThread]: Using snowflake connection "debug"
[0m20:01:59.987873 [debug] [MainThread]: On debug: select 1 as id
[0m20:01:59.988084 [debug] [MainThread]: Opening a new connection, currently in state init
[0m20:01:59.991142 [debug] [MainThread]: Snowflake adapter: Error running SQL: select 1 as id
[0m20:01:59.991411 [debug] [MainThread]: Snowflake adapter: Rolling back transaction.
[0m20:01:59.991663 [info ] [MainThread]:   Connection test: [[31mERROR[0m]

[0m20:01:59.992083 [info ] [MainThread]: [31m1 check failed:[0m
[0m20:01:59.992503 [info ] [MainThread]: dbt was unable to connect to the specified database.
The database returned the following error:

  >Database Error
  251006: Password is empty

Check your database credentials and try again. For more information, visit:
https://docs.getdbt.com/docs/configure-your-profile


[0m20:01:59.993644 [debug] [MainThread]: Command `dbt debug` failed at 20:01:59.993530 after 1.47 seconds
[0m20:01:59.993926 [debug] [MainThread]: Connection 'debug' was left open.
[0m20:01:59.994148 [debug] [MainThread]: On debug: No close available on handle
[0m20:01:59.994381 [debug] [MainThread]: Sending event: {'category': 'dbt', 'action': 'invocation', 'label': 'end', 'context': [<snowplow_tracker.self_describing_json.SelfDescribingJson object at 0x00000230B9A88180>, <snowplow_tracker.self_describing_json.SelfDescribingJson object at 0x00000230B9BC43B0>, <snowplow_tracker.self_describing_json.SelfDescribingJson object at 0x00000230B9A729C0>]}
[0m20:01:59.994670 [debug] [MainThread]: Flushing usage events
[0m20:02:02.484713 [debug] [MainThread]: An error was encountered while trying to flush usage events
[0m20:03:00.332490 [debug] [MainThread]: Sending event: {'category': 'dbt', 'action': 'invocation', 'label': 'start', 'context': [<snowplow_tracker.self_describing_json.SelfDescribingJson object at 0x000001C787FF9D30>, <snowplow_tracker.self_describing_json.SelfDescribingJson object at 0x000001C78A5EFD90>, <snowplow_tracker.self_describing_json.SelfDescribingJson object at 0x000001C78A5EFC50>]}


============================== 20:03:00.336509 | e63b678f-a314-4d2d-9a18-dc5af9212ab4 ==============================
[0m20:03:00.336509 [info ] [MainThread]: Running with dbt=1.12.4
[0m20:03:00.337230 [debug] [MainThread]: running dbt with arguments {'version_check': 'True', 'no_print': 'None', 'static_parser': 'True', 'target_path': 'None', 'warn_error_options': 'WarnErrorOptionsV2(error=[], warn=[], silence=[])', 'maximum_seed_size_mib': '1', 'printer_width': '80', 'write_json': 'True', 'empty': 'None', 'log_cache_events': 'False', 'introspect': 'True', 'cache_selected_only': 'False', 'fail_fast': 'False', 'debug': 'False', 'log_format': 'default', 'partial_parse': 'True', 'send_anonymous_usage_stats': 'True', 'quiet': 'False', 'warn_error': 'None', 'profiles_dir': 'C:\\Users\\Ayush Badola\\.dbt', 'invocation_command': 'dbt debug', 'hints_enabled': 'True', 'use_colors': 'True', 'use_experimental_parser': 'False', 'indirect_selection': 'eager', 'log_path': 'C:\\7thsem\\uttarakhand-trek-intelligence\\pipeline\\dbt\\logs'}
[0m20:03:00.357963 [info ] [MainThread]: dbt version: 1.12.4
[0m20:03:00.358457 [info ] [MainThread]: python version: 3.13.3
[0m20:03:00.358747 [info ] [MainThread]: python path: C:\Users\Ayush Badola\AppData\Local\Programs\Python\Python313\python.exe
[0m20:03:00.359063 [info ] [MainThread]: os info: Windows-11-10.0.26200-SP0
[0m20:03:01.112182 [debug] [MainThread]: Snowflake adapter: Setting snowflake.connector to ERROR (file logging only)
[0m20:03:01.112604 [debug] [MainThread]: Snowflake adapter: Setting botocore to ERROR (file logging only)
[0m20:03:01.112883 [debug] [MainThread]: Snowflake adapter: Setting boto3 to ERROR (file logging only)
[0m20:03:01.233070 [info ] [MainThread]: Using profiles dir at C:\Users\Ayush Badola\.dbt
[0m20:03:01.233639 [info ] [MainThread]: Using profiles.yml file at C:\Users\Ayush Badola\.dbt\profiles.yml
[0m20:03:01.234040 [info ] [MainThread]: Using dbt_project.yml file at C:\7thsem\uttarakhand-trek-intelligence\pipeline\dbt\dbt_project.yml
[0m20:03:01.235093 [info ] [MainThread]: adapter type: snowflake
[0m20:03:01.235480 [info ] [MainThread]: adapter version: 1.12.0
[0m20:03:01.330898 [info ] [MainThread]: Configuration:
[0m20:03:01.331519 [info ] [MainThread]:   profiles.yml file [[32mOK found and valid[0m]
[0m20:03:01.331889 [info ] [MainThread]:   dbt_project.yml file [[32mOK found and valid[0m]
[0m20:03:01.332264 [info ] [MainThread]: Required dependencies:
[0m20:03:01.332708 [debug] [MainThread]: Executing "git --help"
[0m20:03:01.365895 [debug] [MainThread]: STDOUT: "b"usage: git [-v | --version] [-h | --help] [-C <path>] [-c <name>=<value>]\n           [--exec-path[=<path>]] [--html-path] [--man-path] [--info-path]\n           [-p | --paginate | -P | --no-pager] [--no-replace-objects] [--no-lazy-fetch]\n           [--no-optional-locks] [--no-advice] [--bare] [--git-dir=<path>]\n           [--work-tree=<path>] [--namespace=<name>] [--config-env=<name>=<envvar>]\n           <command> [<args>]\n\nThese are common Git commands used in various situations:\n\nstart a working area (see also: git help tutorial)\n   clone      Clone a repository into a new directory\n   init       Create an empty Git repository or reinitialize an existing one\n\nwork on the current change (see also: git help everyday)\n   add        Add file contents to the index\n   mv         Move or rename a file, a directory, or a symlink\n   restore    Restore working tree files\n   rm         Remove files from the working tree and from the index\n\nexamine the history and state (see also: git help revisions)\n   bisect     Use binary search to find the commit that introduced a bug\n   diff       Show changes between commits, commit and working tree, etc\n   grep       Print lines matching a pattern\n   log        Show commit logs\n   show       Show various types of objects\n   status     Show the working tree status\n\ngrow, mark and tweak your common history\n   backfill   Download missing objects in a partial clone\n   branch     List, create, or delete branches\n   commit     Record changes to the repository\n   merge      Join two or more development histories together\n   rebase     Reapply commits on top of another base tip\n   reset      Reset current HEAD to the specified state\n   switch     Switch branches\n   tag        Create, list, delete or verify a tag object signed with GPG\n\ncollaborate (see also: git help workflows)\n   fetch      Download objects and refs from another repository\n   pull       Fetch from and integrate with another repository or a local branch\n   push       Update remote refs along with associated objects\n\n'git help -a' and 'git help -g' list available subcommands and some\nconcept guides. See 'git help <command>' or 'git help <concept>'\nto read about a specific subcommand or concept.\nSee 'git help git' for an overview of the system.\n""
[0m20:03:01.366380 [debug] [MainThread]: STDERR: "b''"
[0m20:03:01.366731 [info ] [MainThread]:  - git [[32mOK found[0m]

[0m20:03:01.367148 [info ] [MainThread]: Connection:
[0m20:03:01.367591 [info ] [MainThread]:   account: ND77878
[0m20:03:01.367995 [info ] [MainThread]:   user: AYUSHBADOLA74
[0m20:03:01.368331 [info ] [MainThread]:   database: UTTARAKHAND_TREK_DB
[0m20:03:01.368602 [info ] [MainThread]:   warehouse: COMPUTE_WH
[0m20:03:01.368916 [info ] [MainThread]:   role: ACCOUNTADMIN
[0m20:03:01.369217 [info ] [MainThread]:   schema: TREK_ANALYTICS
[0m20:03:01.369472 [info ] [MainThread]:   authenticator: None
[0m20:03:01.369774 [info ] [MainThread]:   oauth_client_id: None
[0m20:03:01.370078 [info ] [MainThread]:   query_tag: None
[0m20:03:01.370326 [info ] [MainThread]:   client_session_keep_alive: False
[0m20:03:01.370567 [info ] [MainThread]:   host: None
[0m20:03:01.370800 [info ] [MainThread]:   port: None
[0m20:03:01.371036 [info ] [MainThread]:   proxy_host: None
[0m20:03:01.371317 [info ] [MainThread]:   proxy_port: None
[0m20:03:01.371598 [info ] [MainThread]:   protocol: None
[0m20:03:01.371859 [info ] [MainThread]:   connect_retries: 1
[0m20:03:01.372158 [info ] [MainThread]:   connect_timeout: None
[0m20:03:01.372472 [info ] [MainThread]:   retry_on_database_errors: False
[0m20:03:01.372858 [info ] [MainThread]:   retry_all: False
[0m20:03:01.373162 [info ] [MainThread]:   insecure_mode: False
[0m20:03:01.373433 [info ] [MainThread]:   reuse_connections: True
[0m20:03:01.373690 [info ] [MainThread]:   s3_stage_vpce_dns_name: None
[0m20:03:01.373964 [info ] [MainThread]:   workload_identity_provider: None
[0m20:03:01.374231 [info ] [MainThread]:   workload_identity_entra_resource: None
[0m20:03:01.374530 [info ] [MainThread]:   platform_detection_timeout_seconds: 0.0
[0m20:03:01.375147 [info ] [MainThread]: Registered adapter: snowflake=1.12.0
[0m20:03:01.685661 [debug] [MainThread]: Acquiring new snowflake connection 'debug'
[0m20:03:01.687961 [debug] [MainThread]: Using snowflake connection "debug"
[0m20:03:01.688279 [debug] [MainThread]: On debug: select 1 as id
[0m20:03:01.688487 [debug] [MainThread]: Opening a new connection, currently in state init
[0m20:03:01.691688 [debug] [MainThread]: Snowflake adapter: Error running SQL: select 1 as id
[0m20:03:01.691968 [debug] [MainThread]: Snowflake adapter: Rolling back transaction.
[0m20:03:01.692228 [info ] [MainThread]:   Connection test: [[31mERROR[0m]

[0m20:03:01.692718 [info ] [MainThread]: [31m1 check failed:[0m
[0m20:03:01.693126 [info ] [MainThread]: dbt was unable to connect to the specified database.
The database returned the following error:

  >Database Error
  251006: Password is empty

Check your database credentials and try again. For more information, visit:
https://docs.getdbt.com/docs/configure-your-profile


[0m20:03:01.694282 [debug] [MainThread]: Command `dbt debug` failed at 20:03:01.694152 after 1.48 seconds
[0m20:03:01.694559 [debug] [MainThread]: Connection 'debug' was left open.
[0m20:03:01.694780 [debug] [MainThread]: On debug: No close available on handle
[0m20:03:01.695022 [debug] [MainThread]: Sending event: {'category': 'dbt', 'action': 'invocation', 'label': 'end', 'context': [<snowplow_tracker.self_describing_json.SelfDescribingJson object at 0x000001C7A3DF8180>, <snowplow_tracker.self_describing_json.SelfDescribingJson object at 0x000001C7A3F583B0>, <snowplow_tracker.self_describing_json.SelfDescribingJson object at 0x000001C7A3E069C0>]}
[0m20:03:01.695311 [debug] [MainThread]: Flushing usage events
[0m20:03:03.306995 [debug] [MainThread]: An error was encountered while trying to flush usage events
[0m20:04:01.496732 [debug] [MainThread]: Sending event: {'category': 'dbt', 'action': 'invocation', 'label': 'start', 'context': [<snowplow_tracker.self_describing_json.SelfDescribingJson object at 0x000001ED7F119D30>, <snowplow_tracker.self_describing_json.SelfDescribingJson object at 0x000001ED01757D90>, <snowplow_tracker.self_describing_json.SelfDescribingJson object at 0x000001ED01757C50>]}


============================== 20:04:01.500769 | 767e180b-cb04-4827-bd75-c085d35b683c ==============================
[0m20:04:01.500769 [info ] [MainThread]: Running with dbt=1.12.4
[0m20:04:01.501394 [debug] [MainThread]: running dbt with arguments {'maximum_seed_size_mib': '1', 'no_print': 'None', 'version_check': 'True', 'target_path': 'None', 'warn_error_options': 'WarnErrorOptionsV2(error=[], warn=[], silence=[])', 'static_parser': 'True', 'printer_width': '80', 'write_json': 'True', 'introspect': 'True', 'log_cache_events': 'False', 'empty': 'None', 'cache_selected_only': 'False', 'fail_fast': 'False', 'debug': 'False', 'log_format': 'default', 'partial_parse': 'True', 'send_anonymous_usage_stats': 'True', 'quiet': 'False', 'warn_error': 'None', 'profiles_dir': 'C:\\Users\\Ayush Badola\\.dbt', 'indirect_selection': 'eager', 'hints_enabled': 'True', 'invocation_command': 'dbt debug', 'use_experimental_parser': 'False', 'use_colors': 'True', 'log_path': 'C:\\7thsem\\uttarakhand-trek-intelligence\\pipeline\\dbt\\logs'}
[0m20:04:01.519388 [info ] [MainThread]: dbt version: 1.12.4
[0m20:04:01.520036 [info ] [MainThread]: python version: 3.13.3
[0m20:04:01.520434 [info ] [MainThread]: python path: C:\Users\Ayush Badola\AppData\Local\Programs\Python\Python313\python.exe
[0m20:04:01.520748 [info ] [MainThread]: os info: Windows-11-10.0.26200-SP0
[0m20:04:02.263177 [debug] [MainThread]: Snowflake adapter: Setting snowflake.connector to ERROR (file logging only)
[0m20:04:02.263601 [debug] [MainThread]: Snowflake adapter: Setting botocore to ERROR (file logging only)
[0m20:04:02.263873 [debug] [MainThread]: Snowflake adapter: Setting boto3 to ERROR (file logging only)
[0m20:04:02.375291 [info ] [MainThread]: Using profiles dir at C:\Users\Ayush Badola\.dbt
[0m20:04:02.375976 [info ] [MainThread]: Using profiles.yml file at C:\Users\Ayush Badola\.dbt\profiles.yml
[0m20:04:02.376459 [info ] [MainThread]: Using dbt_project.yml file at C:\7thsem\uttarakhand-trek-intelligence\pipeline\dbt\dbt_project.yml
[0m20:04:02.377552 [info ] [MainThread]: adapter type: snowflake
[0m20:04:02.377933 [info ] [MainThread]: adapter version: 1.12.0
[0m20:04:02.467208 [info ] [MainThread]: Configuration:
[0m20:04:02.467859 [info ] [MainThread]:   profiles.yml file [[32mOK found and valid[0m]
[0m20:04:02.468319 [info ] [MainThread]:   dbt_project.yml file [[32mOK found and valid[0m]
[0m20:04:02.468745 [info ] [MainThread]: Required dependencies:
[0m20:04:02.469139 [debug] [MainThread]: Executing "git --help"
[0m20:04:02.502202 [debug] [MainThread]: STDOUT: "b"usage: git [-v | --version] [-h | --help] [-C <path>] [-c <name>=<value>]\n           [--exec-path[=<path>]] [--html-path] [--man-path] [--info-path]\n           [-p | --paginate | -P | --no-pager] [--no-replace-objects] [--no-lazy-fetch]\n           [--no-optional-locks] [--no-advice] [--bare] [--git-dir=<path>]\n           [--work-tree=<path>] [--namespace=<name>] [--config-env=<name>=<envvar>]\n           <command> [<args>]\n\nThese are common Git commands used in various situations:\n\nstart a working area (see also: git help tutorial)\n   clone      Clone a repository into a new directory\n   init       Create an empty Git repository or reinitialize an existing one\n\nwork on the current change (see also: git help everyday)\n   add        Add file contents to the index\n   mv         Move or rename a file, a directory, or a symlink\n   restore    Restore working tree files\n   rm         Remove files from the working tree and from the index\n\nexamine the history and state (see also: git help revisions)\n   bisect     Use binary search to find the commit that introduced a bug\n   diff       Show changes between commits, commit and working tree, etc\n   grep       Print lines matching a pattern\n   log        Show commit logs\n   show       Show various types of objects\n   status     Show the working tree status\n\ngrow, mark and tweak your common history\n   backfill   Download missing objects in a partial clone\n   branch     List, create, or delete branches\n   commit     Record changes to the repository\n   merge      Join two or more development histories together\n   rebase     Reapply commits on top of another base tip\n   reset      Reset current HEAD to the specified state\n   switch     Switch branches\n   tag        Create, list, delete or verify a tag object signed with GPG\n\ncollaborate (see also: git help workflows)\n   fetch      Download objects and refs from another repository\n   pull       Fetch from and integrate with another repository or a local branch\n   push       Update remote refs along with associated objects\n\n'git help -a' and 'git help -g' list available subcommands and some\nconcept guides. See 'git help <command>' or 'git help <concept>'\nto read about a specific subcommand or concept.\nSee 'git help git' for an overview of the system.\n""
[0m20:04:02.502639 [debug] [MainThread]: STDERR: "b''"
[0m20:04:02.502987 [info ] [MainThread]:  - git [[32mOK found[0m]

[0m20:04:02.503388 [info ] [MainThread]: Connection:
[0m20:04:02.503732 [info ] [MainThread]:   account: ND77878
[0m20:04:02.504056 [info ] [MainThread]:   user: AYUSHBADOLA74
[0m20:04:02.504404 [info ] [MainThread]:   database: UTTARAKHAND_TREK_DB
[0m20:04:02.504724 [info ] [MainThread]:   warehouse: COMPUTE_WH
[0m20:04:02.504999 [info ] [MainThread]:   role: ACCOUNTADMIN
[0m20:04:02.505247 [info ] [MainThread]:   schema: TREK_ANALYTICS
[0m20:04:02.505506 [info ] [MainThread]:   authenticator: None
[0m20:04:02.505786 [info ] [MainThread]:   oauth_client_id: None
[0m20:04:02.506039 [info ] [MainThread]:   query_tag: None
[0m20:04:02.506283 [info ] [MainThread]:   client_session_keep_alive: False
[0m20:04:02.506534 [info ] [MainThread]:   host: None
[0m20:04:02.506767 [info ] [MainThread]:   port: None
[0m20:04:02.507043 [info ] [MainThread]:   proxy_host: None
[0m20:04:02.507286 [info ] [MainThread]:   proxy_port: None
[0m20:04:02.507564 [info ] [MainThread]:   protocol: None
[0m20:04:02.507855 [info ] [MainThread]:   connect_retries: 1
[0m20:04:02.508168 [info ] [MainThread]:   connect_timeout: None
[0m20:04:02.508463 [info ] [MainThread]:   retry_on_database_errors: False
[0m20:04:02.508726 [info ] [MainThread]:   retry_all: False
[0m20:04:02.508975 [info ] [MainThread]:   insecure_mode: False
[0m20:04:02.509223 [info ] [MainThread]:   reuse_connections: True
[0m20:04:02.509468 [info ] [MainThread]:   s3_stage_vpce_dns_name: None
[0m20:04:02.509791 [info ] [MainThread]:   workload_identity_provider: None
[0m20:04:02.510050 [info ] [MainThread]:   workload_identity_entra_resource: None
[0m20:04:02.510289 [info ] [MainThread]:   platform_detection_timeout_seconds: 0.0
[0m20:04:02.510779 [info ] [MainThread]: Registered adapter: snowflake=1.12.0
[0m20:04:02.832413 [debug] [MainThread]: Acquiring new snowflake connection 'debug'
[0m20:04:02.834865 [debug] [MainThread]: Using snowflake connection "debug"
[0m20:04:02.835185 [debug] [MainThread]: On debug: select 1 as id
[0m20:04:02.835417 [debug] [MainThread]: Opening a new connection, currently in state init
[0m20:04:02.838597 [debug] [MainThread]: Snowflake adapter: Error running SQL: select 1 as id
[0m20:04:02.838890 [debug] [MainThread]: Snowflake adapter: Rolling back transaction.
[0m20:04:02.839183 [info ] [MainThread]:   Connection test: [[31mERROR[0m]

[0m20:04:02.839630 [info ] [MainThread]: [31m1 check failed:[0m
[0m20:04:02.840039 [info ] [MainThread]: dbt was unable to connect to the specified database.
The database returned the following error:

  >Database Error
  251006: Password is empty

Check your database credentials and try again. For more information, visit:
https://docs.getdbt.com/docs/configure-your-profile


[0m20:04:02.841207 [debug] [MainThread]: Command `dbt debug` failed at 20:04:02.841101 after 1.46 seconds
[0m20:04:02.841481 [debug] [MainThread]: Connection 'debug' was left open.
[0m20:04:02.841707 [debug] [MainThread]: On debug: No close available on handle
[0m20:04:02.841946 [debug] [MainThread]: Sending event: {'category': 'dbt', 'action': 'invocation', 'label': 'end', 'context': [<snowplow_tracker.self_describing_json.SelfDescribingJson object at 0x000001ED1B0FC180>, <snowplow_tracker.self_describing_json.SelfDescribingJson object at 0x000001ED1B2383B0>, <snowplow_tracker.self_describing_json.SelfDescribingJson object at 0x000001ED1B0E29C0>]}
[0m20:04:02.842262 [debug] [MainThread]: Flushing usage events
[0m20:04:04.364893 [debug] [MainThread]: An error was encountered while trying to flush usage events
[0m20:04:31.504052 [debug] [MainThread]: Sending event: {'category': 'dbt', 'action': 'invocation', 'label': 'start', 'context': [<snowplow_tracker.self_describing_json.SelfDescribingJson object at 0x000001A40585DD30>, <snowplow_tracker.self_describing_json.SelfDescribingJson object at 0x000001A407E2D310>, <snowplow_tracker.self_describing_json.SelfDescribingJson object at 0x000001A407E2D810>]}


============================== 20:04:31.508232 | 21add483-703d-4477-87e1-5273cc8aafad ==============================
[0m20:04:31.508232 [info ] [MainThread]: Running with dbt=1.12.4
[0m20:04:31.508769 [debug] [MainThread]: running dbt with arguments {'version_check': 'True', 'no_print': 'None', 'maximum_seed_size_mib': '1', 'warn_error_options': 'WarnErrorOptionsV2(error=[], warn=[], silence=[])', 'target_path': 'None', 'static_parser': 'True', 'printer_width': '80', 'write_json': 'True', 'empty': 'None', 'log_cache_events': 'False', 'introspect': 'True', 'cache_selected_only': 'False', 'fail_fast': 'False', 'debug': 'False', 'log_format': 'default', 'profiles_dir': 'C:\\Users\\Ayush Badola\\.dbt', 'send_anonymous_usage_stats': 'True', 'quiet': 'False', 'warn_error': 'None', 'partial_parse': 'True', 'use_colors': 'True', 'hints_enabled': 'True', 'invocation_command': 'dbt debug', 'use_experimental_parser': 'False', 'indirect_selection': 'eager', 'log_path': 'C:\\7thsem\\uttarakhand-trek-intelligence\\pipeline\\dbt\\logs'}
[0m20:04:31.529104 [info ] [MainThread]: dbt version: 1.12.4
[0m20:04:31.529635 [info ] [MainThread]: python version: 3.13.3
[0m20:04:31.530049 [info ] [MainThread]: python path: C:\Users\Ayush Badola\AppData\Local\Programs\Python\Python313\python.exe
[0m20:04:31.530383 [info ] [MainThread]: os info: Windows-11-10.0.26200-SP0
[0m20:04:31.531085 [error] [MainThread]: [[31mERROR[0m]: Encountered an error:
Runtime Error
  Syntax error near line 10
  ------------------------------
  7  |       account: ND77878
  8  |       user: AYUSHBADOLA74
  9  |       password:#Ayush7415835813
  10 |       role: ACCOUNTADMIN
  11 |       database: UTTARAKHAND_TREK_DB
  12 |       warehouse: COMPUTE_WH
  13 |       schema: TREK_ANALYTICS
  
  Raw Error:
  ------------------------------
  while scanning a simple key
    in "<unicode string>", line 9, column 7
  could not find expected ':'
    in "<unicode string>", line 10, column 7
[0m20:04:31.532156 [debug] [MainThread]: Command `dbt debug` failed at 20:04:31.531824 after 0.08 seconds
[0m20:04:31.532462 [debug] [MainThread]: Sending event: {'category': 'dbt', 'action': 'invocation', 'label': 'end', 'context': [<snowplow_tracker.self_describing_json.SelfDescribingJson object at 0x000001A407D0A650>, <snowplow_tracker.self_describing_json.SelfDescribingJson object at 0x000001A407CEA690>, <snowplow_tracker.self_describing_json.SelfDescribingJson object at 0x000001A407E39370>]}
[0m20:04:31.532784 [debug] [MainThread]: Flushing usage events
[0m20:04:32.917332 [debug] [MainThread]: An error was encountered while trying to flush usage events
[0m20:04:51.608793 [debug] [MainThread]: Sending event: {'category': 'dbt', 'action': 'invocation', 'label': 'start', 'context': [<snowplow_tracker.self_describing_json.SelfDescribingJson object at 0x000001624D57DD30>, <snowplow_tracker.self_describing_json.SelfDescribingJson object at 0x000001624FB4D310>, <snowplow_tracker.self_describing_json.SelfDescribingJson object at 0x000001624FB4D810>]}


============================== 20:04:51.613032 | 23b78375-d101-42d6-b705-2ae9afe1f15b ==============================
[0m20:04:51.613032 [info ] [MainThread]: Running with dbt=1.12.4
[0m20:04:51.613656 [debug] [MainThread]: running dbt with arguments {'maximum_seed_size_mib': '1', 'no_print': 'None', 'version_check': 'True', 'warn_error_options': 'WarnErrorOptionsV2(error=[], warn=[], silence=[])', 'target_path': 'None', 'static_parser': 'True', 'printer_width': '80', 'write_json': 'True', 'empty': 'None', 'log_cache_events': 'False', 'introspect': 'True', 'cache_selected_only': 'False', 'fail_fast': 'False', 'debug': 'False', 'log_format': 'default', 'partial_parse': 'True', 'send_anonymous_usage_stats': 'True', 'quiet': 'False', 'warn_error': 'None', 'profiles_dir': 'C:\\Users\\Ayush Badola\\.dbt', 'use_colors': 'True', 'hints_enabled': 'True', 'indirect_selection': 'eager', 'use_experimental_parser': 'False', 'invocation_command': 'dbt debug', 'log_path': 'C:\\7thsem\\uttarakhand-trek-intelligence\\pipeline\\dbt\\logs'}
[0m20:04:51.633085 [info ] [MainThread]: dbt version: 1.12.4
[0m20:04:51.633670 [info ] [MainThread]: python version: 3.13.3
[0m20:04:51.634089 [info ] [MainThread]: python path: C:\Users\Ayush Badola\AppData\Local\Programs\Python\Python313\python.exe
[0m20:04:51.634447 [info ] [MainThread]: os info: Windows-11-10.0.26200-SP0
[0m20:04:51.635181 [error] [MainThread]: [[31mERROR[0m]: Encountered an error:
Runtime Error
  Syntax error near line 10
  ------------------------------
  7  |       account: ND77878
  8  |       user: AYUSHBADOLA74
  9  |       password:#Ayush7415835813
  10 |       role: ACCOUNTADMIN
  11 |       database: UTTARAKHAND_TREK_DB
  12 |       warehouse: COMPUTE_WH
  13 |       schema: TREK_ANALYTICS
  
  Raw Error:
  ------------------------------
  while scanning a simple key
    in "<unicode string>", line 9, column 7
  could not find expected ':'
    in "<unicode string>", line 10, column 7
[0m20:04:51.636622 [debug] [MainThread]: Command `dbt debug` failed at 20:04:51.636119 after 0.08 seconds
[0m20:04:51.637034 [debug] [MainThread]: Sending event: {'category': 'dbt', 'action': 'invocation', 'label': 'end', 'context': [<snowplow_tracker.self_describing_json.SelfDescribingJson object at 0x000001624FA2A650>, <snowplow_tracker.self_describing_json.SelfDescribingJson object at 0x000001624FA0A690>, <snowplow_tracker.self_describing_json.SelfDescribingJson object at 0x000001624FB59370>]}
[0m20:04:51.637443 [debug] [MainThread]: Flushing usage events
[0m20:04:53.098025 [debug] [MainThread]: An error was encountered while trying to flush usage events
[0m20:05:17.845739 [debug] [MainThread]: Sending event: {'category': 'dbt', 'action': 'invocation', 'label': 'start', 'context': [<snowplow_tracker.self_describing_json.SelfDescribingJson object at 0x000001F88DA69D30>, <snowplow_tracker.self_describing_json.SelfDescribingJson object at 0x000001F89004D310>, <snowplow_tracker.self_describing_json.SelfDescribingJson object at 0x000001F89004D810>]}


============================== 20:05:17.849854 | cad7b310-a13f-40cb-9f4e-a33a4b48fb3a ==============================
[0m20:05:17.849854 [info ] [MainThread]: Running with dbt=1.12.4
[0m20:05:17.850450 [debug] [MainThread]: running dbt with arguments {'version_check': 'True', 'no_print': 'None', 'static_parser': 'True', 'warn_error_options': 'WarnErrorOptionsV2(error=[], warn=[], silence=[])', 'target_path': 'None', 'maximum_seed_size_mib': '1', 'printer_width': '80', 'write_json': 'True', 'empty': 'None', 'log_cache_events': 'False', 'introspect': 'True', 'cache_selected_only': 'False', 'log_format': 'default', 'debug': 'False', 'fail_fast': 'False', 'profiles_dir': 'C:\\Users\\Ayush Badola\\.dbt', 'send_anonymous_usage_stats': 'True', 'quiet': 'False', 'warn_error': 'None', 'partial_parse': 'True', 'indirect_selection': 'eager', 'hints_enabled': 'True', 'invocation_command': 'dbt debug', 'use_experimental_parser': 'False', 'use_colors': 'True', 'log_path': 'C:\\7thsem\\uttarakhand-trek-intelligence\\pipeline\\dbt\\logs'}
[0m20:05:17.870432 [info ] [MainThread]: dbt version: 1.12.4
[0m20:05:17.871016 [info ] [MainThread]: python version: 3.13.3
[0m20:05:17.871456 [info ] [MainThread]: python path: C:\Users\Ayush Badola\AppData\Local\Programs\Python\Python313\python.exe
[0m20:05:17.871810 [info ] [MainThread]: os info: Windows-11-10.0.26200-SP0
[0m20:05:17.872535 [error] [MainThread]: [[31mERROR[0m]: Encountered an error:
Runtime Error
  Syntax error near line 10
  ------------------------------
  7  |       account: ND77878
  8  |       user: AYUSHBADOLA74
  9  |       password:#Ayush7415835813
  10 |       role: ACCOUNTADMIN
  11 |       database: UTTARAKHAND_TREK_DB
  12 |       warehouse: COMPUTE_WH
  13 |       schema: TREK_ANALYTICS
  
  Raw Error:
  ------------------------------
  while scanning a simple key
    in "<unicode string>", line 9, column 7
  could not find expected ':'
    in "<unicode string>", line 10, column 7
[0m20:05:17.873751 [debug] [MainThread]: Command `dbt debug` failed at 20:05:17.873285 after 0.08 seconds
[0m20:05:17.874077 [debug] [MainThread]: Sending event: {'category': 'dbt', 'action': 'invocation', 'label': 'end', 'context': [<snowplow_tracker.self_describing_json.SelfDescribingJson object at 0x000001F88FF2E650>, <snowplow_tracker.self_describing_json.SelfDescribingJson object at 0x000001F88FF0A690>, <snowplow_tracker.self_describing_json.SelfDescribingJson object at 0x000001F890059370>]}
[0m20:05:17.874446 [debug] [MainThread]: Flushing usage events
[0m20:05:30.670127 [debug] [MainThread]: An error was encountered while trying to flush usage events
[0m20:05:49.853136 [debug] [MainThread]: Sending event: {'category': 'dbt', 'action': 'invocation', 'label': 'start', 'context': [<snowplow_tracker.self_describing_json.SelfDescribingJson object at 0x000002B0EB5CDD30>, <snowplow_tracker.self_describing_json.SelfDescribingJson object at 0x000002B0EDBCFD90>, <snowplow_tracker.self_describing_json.SelfDescribingJson object at 0x000002B0EDBCFC50>]}


============================== 20:05:49.857295 | 1ab4e668-13ca-4fec-a95c-42dbed5717bb ==============================
[0m20:05:49.857295 [info ] [MainThread]: Running with dbt=1.12.4
[0m20:05:49.857927 [debug] [MainThread]: running dbt with arguments {'maximum_seed_size_mib': '1', 'no_print': 'None', 'static_parser': 'True', 'target_path': 'None', 'warn_error_options': 'WarnErrorOptionsV2(error=[], warn=[], silence=[])', 'version_check': 'True', 'printer_width': '80', 'write_json': 'True', 'introspect': 'True', 'log_cache_events': 'False', 'empty': 'None', 'cache_selected_only': 'False', 'fail_fast': 'False', 'debug': 'False', 'log_format': 'default', 'profiles_dir': 'C:\\Users\\Ayush Badola\\.dbt', 'send_anonymous_usage_stats': 'True', 'quiet': 'False', 'warn_error': 'None', 'partial_parse': 'True', 'use_colors': 'True', 'hints_enabled': 'True', 'indirect_selection': 'eager', 'use_experimental_parser': 'False', 'invocation_command': 'dbt debug', 'log_path': 'C:\\7thsem\\uttarakhand-trek-intelligence\\pipeline\\dbt\\logs'}
[0m20:05:49.880970 [info ] [MainThread]: dbt version: 1.12.4
[0m20:05:49.882852 [info ] [MainThread]: python version: 3.13.3
[0m20:05:49.883467 [info ] [MainThread]: python path: C:\Users\Ayush Badola\AppData\Local\Programs\Python\Python313\python.exe
[0m20:05:49.884294 [info ] [MainThread]: os info: Windows-11-10.0.26200-SP0
[0m20:05:50.673895 [debug] [MainThread]: Snowflake adapter: Setting snowflake.connector to ERROR (file logging only)
[0m20:05:50.674321 [debug] [MainThread]: Snowflake adapter: Setting botocore to ERROR (file logging only)
[0m20:05:50.674596 [debug] [MainThread]: Snowflake adapter: Setting boto3 to ERROR (file logging only)
[0m20:05:50.790468 [info ] [MainThread]: Using profiles dir at C:\Users\Ayush Badola\.dbt
[0m20:05:50.791241 [info ] [MainThread]: Using profiles.yml file at C:\Users\Ayush Badola\.dbt\profiles.yml
[0m20:05:50.791631 [info ] [MainThread]: Using dbt_project.yml file at C:\7thsem\uttarakhand-trek-intelligence\pipeline\dbt\dbt_project.yml
[0m20:05:50.792694 [info ] [MainThread]: adapter type: snowflake
[0m20:05:50.793067 [info ] [MainThread]: adapter version: 1.12.0
[0m20:05:50.879948 [info ] [MainThread]: Configuration:
[0m20:05:50.880517 [info ] [MainThread]:   profiles.yml file [[32mOK found and valid[0m]
[0m20:05:50.880870 [info ] [MainThread]:   dbt_project.yml file [[32mOK found and valid[0m]
[0m20:05:50.881317 [info ] [MainThread]: Required dependencies:
[0m20:05:50.881652 [debug] [MainThread]: Executing "git --help"
[0m20:05:50.914509 [debug] [MainThread]: STDOUT: "b"usage: git [-v | --version] [-h | --help] [-C <path>] [-c <name>=<value>]\n           [--exec-path[=<path>]] [--html-path] [--man-path] [--info-path]\n           [-p | --paginate | -P | --no-pager] [--no-replace-objects] [--no-lazy-fetch]\n           [--no-optional-locks] [--no-advice] [--bare] [--git-dir=<path>]\n           [--work-tree=<path>] [--namespace=<name>] [--config-env=<name>=<envvar>]\n           <command> [<args>]\n\nThese are common Git commands used in various situations:\n\nstart a working area (see also: git help tutorial)\n   clone      Clone a repository into a new directory\n   init       Create an empty Git repository or reinitialize an existing one\n\nwork on the current change (see also: git help everyday)\n   add        Add file contents to the index\n   mv         Move or rename a file, a directory, or a symlink\n   restore    Restore working tree files\n   rm         Remove files from the working tree and from the index\n\nexamine the history and state (see also: git help revisions)\n   bisect     Use binary search to find the commit that introduced a bug\n   diff       Show changes between commits, commit and working tree, etc\n   grep       Print lines matching a pattern\n   log        Show commit logs\n   show       Show various types of objects\n   status     Show the working tree status\n\ngrow, mark and tweak your common history\n   backfill   Download missing objects in a partial clone\n   branch     List, create, or delete branches\n   commit     Record changes to the repository\n   merge      Join two or more development histories together\n   rebase     Reapply commits on top of another base tip\n   reset      Reset current HEAD to the specified state\n   switch     Switch branches\n   tag        Create, list, delete or verify a tag object signed with GPG\n\ncollaborate (see also: git help workflows)\n   fetch      Download objects and refs from another repository\n   pull       Fetch from and integrate with another repository or a local branch\n   push       Update remote refs along with associated objects\n\n'git help -a' and 'git help -g' list available subcommands and some\nconcept guides. See 'git help <command>' or 'git help <concept>'\nto read about a specific subcommand or concept.\nSee 'git help git' for an overview of the system.\n""
[0m20:05:50.915006 [debug] [MainThread]: STDERR: "b''"
[0m20:05:50.915385 [info ] [MainThread]:  - git [[32mOK found[0m]

[0m20:05:50.915857 [info ] [MainThread]: Connection:
[0m20:05:50.916346 [info ] [MainThread]:   account: ND77878
[0m20:05:50.916780 [info ] [MainThread]:   user: AYUSHBADOLA74
[0m20:05:50.917158 [info ] [MainThread]:   database: UTTARAKHAND_TREK_DB
[0m20:05:50.917507 [info ] [MainThread]:   warehouse: COMPUTE_WH
[0m20:05:50.917823 [info ] [MainThread]:   role: ACCOUNTADMIN
[0m20:05:50.918143 [info ] [MainThread]:   schema: TREK_ANALYTICS
[0m20:05:50.918470 [info ] [MainThread]:   authenticator: None
[0m20:05:50.918776 [info ] [MainThread]:   oauth_client_id: None
[0m20:05:50.919062 [info ] [MainThread]:   query_tag: None
[0m20:05:50.919320 [info ] [MainThread]:   client_session_keep_alive: False
[0m20:05:50.919569 [info ] [MainThread]:   host: None
[0m20:05:50.919805 [info ] [MainThread]:   port: None
[0m20:05:50.920034 [info ] [MainThread]:   proxy_host: None
[0m20:05:50.920261 [info ] [MainThread]:   proxy_port: None
[0m20:05:50.920502 [info ] [MainThread]:   protocol: None
[0m20:05:50.920802 [info ] [MainThread]:   connect_retries: 1
[0m20:05:50.921090 [info ] [MainThread]:   connect_timeout: None
[0m20:05:50.921356 [info ] [MainThread]:   retry_on_database_errors: False
[0m20:05:50.921629 [info ] [MainThread]:   retry_all: False
[0m20:05:50.921886 [info ] [MainThread]:   insecure_mode: False
[0m20:05:50.922121 [info ] [MainThread]:   reuse_connections: True
[0m20:05:50.922355 [info ] [MainThread]:   s3_stage_vpce_dns_name: None
[0m20:05:50.922647 [info ] [MainThread]:   workload_identity_provider: None
[0m20:05:50.922921 [info ] [MainThread]:   workload_identity_entra_resource: None
[0m20:05:50.923220 [info ] [MainThread]:   platform_detection_timeout_seconds: 0.0
[0m20:05:50.923831 [info ] [MainThread]: Registered adapter: snowflake=1.12.0
[0m20:05:51.242601 [debug] [MainThread]: Acquiring new snowflake connection 'debug'
[0m20:05:51.245047 [debug] [MainThread]: Using snowflake connection "debug"
[0m20:05:51.245355 [debug] [MainThread]: On debug: select 1 as id
[0m20:05:51.245575 [debug] [MainThread]: Opening a new connection, currently in state init
[0m20:05:51.248679 [debug] [MainThread]: Snowflake adapter: Error running SQL: select 1 as id
[0m20:05:51.248970 [debug] [MainThread]: Snowflake adapter: Rolling back transaction.
[0m20:05:51.249245 [info ] [MainThread]:   Connection test: [[31mERROR[0m]

[0m20:05:51.249793 [info ] [MainThread]: [31m1 check failed:[0m
[0m20:05:51.250227 [info ] [MainThread]: dbt was unable to connect to the specified database.
The database returned the following error:

  >Database Error
  251006: Password is empty

Check your database credentials and try again. For more information, visit:
https://docs.getdbt.com/docs/configure-your-profile


[0m20:05:51.251355 [debug] [MainThread]: Command `dbt debug` failed at 20:05:51.251250 after 1.52 seconds
[0m20:05:51.251628 [debug] [MainThread]: Connection 'debug' was left open.
[0m20:05:51.251855 [debug] [MainThread]: On debug: No close available on handle
[0m20:05:51.252097 [debug] [MainThread]: Sending event: {'category': 'dbt', 'action': 'invocation', 'label': 'end', 'context': [<snowplow_tracker.self_describing_json.SelfDescribingJson object at 0x000002B0874A8180>, <snowplow_tracker.self_describing_json.SelfDescribingJson object at 0x000002B0875EC3B0>, <snowplow_tracker.self_describing_json.SelfDescribingJson object at 0x000002B0874929C0>]}
[0m20:05:51.252404 [debug] [MainThread]: Flushing usage events
[0m20:05:52.922512 [debug] [MainThread]: An error was encountered while trying to flush usage events
[0m20:11:19.589755 [debug] [MainThread]: Sending event: {'category': 'dbt', 'action': 'invocation', 'label': 'start', 'context': [<snowplow_tracker.self_describing_json.SelfDescribingJson object at 0x000002626490DD30>, <snowplow_tracker.self_describing_json.SelfDescribingJson object at 0x0000026266F0BD90>, <snowplow_tracker.self_describing_json.SelfDescribingJson object at 0x0000026266F0BC50>]}


============================== 20:11:19.593895 | ee53fb98-3d81-4f9c-901e-3954bc118cf3 ==============================
[0m20:11:19.593895 [info ] [MainThread]: Running with dbt=1.12.4
[0m20:11:19.594602 [debug] [MainThread]: running dbt with arguments {'maximum_seed_size_mib': '1', 'no_print': 'None', 'static_parser': 'True', 'warn_error_options': 'WarnErrorOptionsV2(error=[], warn=[], silence=[])', 'version_check': 'True', 'target_path': 'None', 'printer_width': '80', 'write_json': 'True', 'introspect': 'True', 'log_cache_events': 'False', 'empty': 'None', 'cache_selected_only': 'False', 'fail_fast': 'False', 'debug': 'False', 'log_format': 'default', 'profiles_dir': 'C:\\Users\\Ayush Badola\\.dbt', 'send_anonymous_usage_stats': 'True', 'quiet': 'False', 'warn_error': 'None', 'partial_parse': 'True', 'indirect_selection': 'eager', 'hints_enabled': 'True', 'invocation_command': 'dbt debug', 'use_experimental_parser': 'False', 'use_colors': 'True', 'log_path': 'C:\\7thsem\\uttarakhand-trek-intelligence\\pipeline\\dbt\\logs'}
[0m20:11:19.612912 [info ] [MainThread]: dbt version: 1.12.4
[0m20:11:19.613579 [info ] [MainThread]: python version: 3.13.3
[0m20:11:19.614101 [info ] [MainThread]: python path: C:\Users\Ayush Badola\AppData\Local\Programs\Python\Python313\python.exe
[0m20:11:19.614535 [info ] [MainThread]: os info: Windows-11-10.0.26200-SP0
[0m20:11:20.346124 [debug] [MainThread]: Snowflake adapter: Setting snowflake.connector to ERROR (file logging only)
[0m20:11:20.346534 [debug] [MainThread]: Snowflake adapter: Setting botocore to ERROR (file logging only)
[0m20:11:20.346812 [debug] [MainThread]: Snowflake adapter: Setting boto3 to ERROR (file logging only)
[0m20:11:20.457507 [info ] [MainThread]: Using profiles dir at C:\Users\Ayush Badola\.dbt
[0m20:11:20.458037 [info ] [MainThread]: Using profiles.yml file at C:\Users\Ayush Badola\.dbt\profiles.yml
[0m20:11:20.458374 [info ] [MainThread]: Using dbt_project.yml file at C:\7thsem\uttarakhand-trek-intelligence\pipeline\dbt\dbt_project.yml
[0m20:11:20.459510 [info ] [MainThread]: adapter type: snowflake
[0m20:11:20.459838 [info ] [MainThread]: adapter version: 1.12.0
[0m20:11:20.547645 [info ] [MainThread]: Configuration:
[0m20:11:20.548209 [info ] [MainThread]:   profiles.yml file [[32mOK found and valid[0m]
[0m20:11:20.548751 [info ] [MainThread]:   dbt_project.yml file [[32mOK found and valid[0m]
[0m20:11:20.549075 [info ] [MainThread]: Required dependencies:
[0m20:11:20.549459 [debug] [MainThread]: Executing "git --help"
[0m20:11:20.584645 [debug] [MainThread]: STDOUT: "b"usage: git [-v | --version] [-h | --help] [-C <path>] [-c <name>=<value>]\n           [--exec-path[=<path>]] [--html-path] [--man-path] [--info-path]\n           [-p | --paginate | -P | --no-pager] [--no-replace-objects] [--no-lazy-fetch]\n           [--no-optional-locks] [--no-advice] [--bare] [--git-dir=<path>]\n           [--work-tree=<path>] [--namespace=<name>] [--config-env=<name>=<envvar>]\n           <command> [<args>]\n\nThese are common Git commands used in various situations:\n\nstart a working area (see also: git help tutorial)\n   clone      Clone a repository into a new directory\n   init       Create an empty Git repository or reinitialize an existing one\n\nwork on the current change (see also: git help everyday)\n   add        Add file contents to the index\n   mv         Move or rename a file, a directory, or a symlink\n   restore    Restore working tree files\n   rm         Remove files from the working tree and from the index\n\nexamine the history and state (see also: git help revisions)\n   bisect     Use binary search to find the commit that introduced a bug\n   diff       Show changes between commits, commit and working tree, etc\n   grep       Print lines matching a pattern\n   log        Show commit logs\n   show       Show various types of objects\n   status     Show the working tree status\n\ngrow, mark and tweak your common history\n   backfill   Download missing objects in a partial clone\n   branch     List, create, or delete branches\n   commit     Record changes to the repository\n   merge      Join two or more development histories together\n   rebase     Reapply commits on top of another base tip\n   reset      Reset current HEAD to the specified state\n   switch     Switch branches\n   tag        Create, list, delete or verify a tag object signed with GPG\n\ncollaborate (see also: git help workflows)\n   fetch      Download objects and refs from another repository\n   pull       Fetch from and integrate with another repository or a local branch\n   push       Update remote refs along with associated objects\n\n'git help -a' and 'git help -g' list available subcommands and some\nconcept guides. See 'git help <command>' or 'git help <concept>'\nto read about a specific subcommand or concept.\nSee 'git help git' for an overview of the system.\n""
[0m20:11:20.585119 [debug] [MainThread]: STDERR: "b''"
[0m20:11:20.585478 [info ] [MainThread]:  - git [[32mOK found[0m]

[0m20:11:20.585891 [info ] [MainThread]: Connection:
[0m20:11:20.586254 [info ] [MainThread]:   account: ND77878
[0m20:11:20.586540 [info ] [MainThread]:   user: AYUSHBADOLA74
[0m20:11:20.586787 [info ] [MainThread]:   database: UTTARAKHAND_TREK_DB
[0m20:11:20.587024 [info ] [MainThread]:   warehouse: COMPUTE_WH
[0m20:11:20.587255 [info ] [MainThread]:   role: ACCOUNTADMIN
[0m20:11:20.587477 [info ] [MainThread]:   schema: TREK_ANALYTICS
[0m20:11:20.587744 [info ] [MainThread]:   authenticator: None
[0m20:11:20.587973 [info ] [MainThread]:   oauth_client_id: None
[0m20:11:20.588252 [info ] [MainThread]:   query_tag: None
[0m20:11:20.588525 [info ] [MainThread]:   client_session_keep_alive: False
[0m20:11:20.588757 [info ] [MainThread]:   host: None
[0m20:11:20.588978 [info ] [MainThread]:   port: None
[0m20:11:20.589212 [info ] [MainThread]:   proxy_host: None
[0m20:11:20.589433 [info ] [MainThread]:   proxy_port: None
[0m20:11:20.589650 [info ] [MainThread]:   protocol: None
[0m20:11:20.589865 [info ] [MainThread]:   connect_retries: 1
[0m20:11:20.590101 [info ] [MainThread]:   connect_timeout: None
[0m20:11:20.590510 [info ] [MainThread]:   retry_on_database_errors: False
[0m20:11:20.590810 [info ] [MainThread]:   retry_all: False
[0m20:11:20.591128 [info ] [MainThread]:   insecure_mode: False
[0m20:11:20.591464 [info ] [MainThread]:   reuse_connections: True
[0m20:11:20.591766 [info ] [MainThread]:   s3_stage_vpce_dns_name: None
[0m20:11:20.592099 [info ] [MainThread]:   workload_identity_provider: None
[0m20:11:20.592401 [info ] [MainThread]:   workload_identity_entra_resource: None
[0m20:11:20.592673 [info ] [MainThread]:   platform_detection_timeout_seconds: 0.0
[0m20:11:20.593199 [info ] [MainThread]: Registered adapter: snowflake=1.12.0
[0m20:11:20.918679 [debug] [MainThread]: Acquiring new snowflake connection 'debug'
[0m20:11:20.921015 [debug] [MainThread]: Using snowflake connection "debug"
[0m20:11:20.921360 [debug] [MainThread]: On debug: select 1 as id
[0m20:11:20.921591 [debug] [MainThread]: Opening a new connection, currently in state init
[0m20:11:23.230428 [debug] [MainThread]: Snowflake adapter: Error running SQL: select 1 as id
[0m20:11:23.230747 [debug] [MainThread]: Snowflake adapter: Rolling back transaction.
[0m20:11:23.231765 [info ] [MainThread]:   Connection test: [[31mERROR[0m]

[0m20:11:23.232285 [info ] [MainThread]: [31m1 check failed:[0m
[0m20:11:23.232635 [info ] [MainThread]: dbt was unable to connect to the specified database.
The database returned the following error:

  >Database Error
  290404 (08001): 404 Not Found: post ND77878.snowflakecomputing.com:443/session/v1/login-request

Check your database credentials and try again. For more information, visit:
https://docs.getdbt.com/docs/configure-your-profile


[0m20:11:23.233619 [debug] [MainThread]: Command `dbt debug` failed at 20:11:23.233523 after 3.77 seconds
[0m20:11:23.233883 [debug] [MainThread]: Connection 'debug' was left open.
[0m20:11:23.234109 [debug] [MainThread]: On debug: No close available on handle
[0m20:11:23.234340 [debug] [MainThread]: Sending event: {'category': 'dbt', 'action': 'invocation', 'label': 'end', 'context': [<snowplow_tracker.self_describing_json.SelfDescribingJson object at 0x0000026200868180>, <snowplow_tracker.self_describing_json.SelfDescribingJson object at 0x00000262009AC3B0>, <snowplow_tracker.self_describing_json.SelfDescribingJson object at 0x00000262008529C0>]}
[0m20:11:23.234632 [debug] [MainThread]: Flushing usage events
[0m20:11:24.736462 [debug] [MainThread]: An error was encountered while trying to flush usage events
[0m20:14:13.062204 [debug] [MainThread]: Sending event: {'category': 'dbt', 'action': 'invocation', 'label': 'start', 'context': [<snowplow_tracker.self_describing_json.SelfDescribingJson object at 0x000002C14003DD30>, <snowplow_tracker.self_describing_json.SelfDescribingJson object at 0x000002C142633D90>, <snowplow_tracker.self_describing_json.SelfDescribingJson object at 0x000002C142633C50>]}


============================== 20:14:13.066221 | 73d8a11c-cc73-45de-a599-6b690fbb74df ==============================
[0m20:14:13.066221 [info ] [MainThread]: Running with dbt=1.12.4
[0m20:14:13.066782 [debug] [MainThread]: running dbt with arguments {'maximum_seed_size_mib': '1', 'no_print': 'None', 'static_parser': 'True', 'target_path': 'None', 'version_check': 'True', 'warn_error_options': 'WarnErrorOptionsV2(error=[], warn=[], silence=[])', 'printer_width': '80', 'write_json': 'True', 'introspect': 'True', 'log_cache_events': 'False', 'empty': 'None', 'cache_selected_only': 'False', 'log_format': 'default', 'debug': 'False', 'fail_fast': 'False', 'profiles_dir': 'C:\\Users\\Ayush Badola\\.dbt', 'send_anonymous_usage_stats': 'True', 'quiet': 'False', 'warn_error': 'None', 'partial_parse': 'True', 'use_colors': 'True', 'hints_enabled': 'True', 'indirect_selection': 'eager', 'use_experimental_parser': 'False', 'invocation_command': 'dbt debug', 'log_path': 'C:\\7thsem\\uttarakhand-trek-intelligence\\pipeline\\dbt\\logs'}
[0m20:14:13.087066 [info ] [MainThread]: dbt version: 1.12.4
[0m20:14:13.087589 [info ] [MainThread]: python version: 3.13.3
[0m20:14:13.087968 [info ] [MainThread]: python path: C:\Users\Ayush Badola\AppData\Local\Programs\Python\Python313\python.exe
[0m20:14:13.088334 [info ] [MainThread]: os info: Windows-11-10.0.26200-SP0
[0m20:14:13.820701 [debug] [MainThread]: Snowflake adapter: Setting snowflake.connector to ERROR (file logging only)
[0m20:14:13.821142 [debug] [MainThread]: Snowflake adapter: Setting botocore to ERROR (file logging only)
[0m20:14:13.821428 [debug] [MainThread]: Snowflake adapter: Setting boto3 to ERROR (file logging only)
[0m20:14:13.932874 [debug] [MainThread]: Snowflake adapter: Replaced underscores (_) with hyphens (-) in Snowflake account name to form a valid account URL.
[0m20:14:13.937214 [info ] [MainThread]: Using profiles dir at C:\Users\Ayush Badola\.dbt
[0m20:14:13.937789 [info ] [MainThread]: Using profiles.yml file at C:\Users\Ayush Badola\.dbt\profiles.yml
[0m20:14:13.938151 [info ] [MainThread]: Using dbt_project.yml file at C:\7thsem\uttarakhand-trek-intelligence\pipeline\dbt\dbt_project.yml
[0m20:14:13.939275 [info ] [MainThread]: adapter type: snowflake
[0m20:14:13.939608 [info ] [MainThread]: adapter version: 1.12.0
[0m20:14:14.027421 [info ] [MainThread]: Configuration:
[0m20:14:14.028000 [info ] [MainThread]:   profiles.yml file [[32mOK found and valid[0m]
[0m20:14:14.028349 [info ] [MainThread]:   dbt_project.yml file [[32mOK found and valid[0m]
[0m20:14:14.028709 [info ] [MainThread]: Required dependencies:
[0m20:14:14.029056 [debug] [MainThread]: Executing "git --help"
[0m20:14:14.074670 [debug] [MainThread]: STDOUT: "b"usage: git [-v | --version] [-h | --help] [-C <path>] [-c <name>=<value>]\n           [--exec-path[=<path>]] [--html-path] [--man-path] [--info-path]\n           [-p | --paginate | -P | --no-pager] [--no-replace-objects] [--no-lazy-fetch]\n           [--no-optional-locks] [--no-advice] [--bare] [--git-dir=<path>]\n           [--work-tree=<path>] [--namespace=<name>] [--config-env=<name>=<envvar>]\n           <command> [<args>]\n\nThese are common Git commands used in various situations:\n\nstart a working area (see also: git help tutorial)\n   clone      Clone a repository into a new directory\n   init       Create an empty Git repository or reinitialize an existing one\n\nwork on the current change (see also: git help everyday)\n   add        Add file contents to the index\n   mv         Move or rename a file, a directory, or a symlink\n   restore    Restore working tree files\n   rm         Remove files from the working tree and from the index\n\nexamine the history and state (see also: git help revisions)\n   bisect     Use binary search to find the commit that introduced a bug\n   diff       Show changes between commits, commit and working tree, etc\n   grep       Print lines matching a pattern\n   log        Show commit logs\n   show       Show various types of objects\n   status     Show the working tree status\n\ngrow, mark and tweak your common history\n   backfill   Download missing objects in a partial clone\n   branch     List, create, or delete branches\n   commit     Record changes to the repository\n   merge      Join two or more development histories together\n   rebase     Reapply commits on top of another base tip\n   reset      Reset current HEAD to the specified state\n   switch     Switch branches\n   tag        Create, list, delete or verify a tag object signed with GPG\n\ncollaborate (see also: git help workflows)\n   fetch      Download objects and refs from another repository\n   pull       Fetch from and integrate with another repository or a local branch\n   push       Update remote refs along with associated objects\n\n'git help -a' and 'git help -g' list available subcommands and some\nconcept guides. See 'git help <command>' or 'git help <concept>'\nto read about a specific subcommand or concept.\nSee 'git help git' for an overview of the system.\n""
[0m20:14:14.075326 [debug] [MainThread]: STDERR: "b''"
[0m20:14:14.075907 [info ] [MainThread]:  - git [[32mOK found[0m]

[0m20:14:14.076529 [info ] [MainThread]: Connection:
[0m20:14:14.076982 [info ] [MainThread]:   account: ND77878.AWS-AP-SOUTHEAST-1
[0m20:14:14.077475 [info ] [MainThread]:   user: AYUSHBADOLA74
[0m20:14:14.078079 [info ] [MainThread]:   database: UTTARAKHAND_TREK_DB
[0m20:14:14.078457 [info ] [MainThread]:   warehouse: COMPUTE_WH
[0m20:14:14.078799 [info ] [MainThread]:   role: ACCOUNTADMIN
[0m20:14:14.079219 [info ] [MainThread]:   schema: TREK_ANALYTICS
[0m20:14:14.079709 [info ] [MainThread]:   authenticator: None
[0m20:14:14.080046 [info ] [MainThread]:   oauth_client_id: None
[0m20:14:14.080343 [info ] [MainThread]:   query_tag: None
[0m20:14:14.080640 [info ] [MainThread]:   client_session_keep_alive: False
[0m20:14:14.080971 [info ] [MainThread]:   host: None
[0m20:14:14.081295 [info ] [MainThread]:   port: None
[0m20:14:14.081920 [info ] [MainThread]:   proxy_host: None
[0m20:14:14.082360 [info ] [MainThread]:   proxy_port: None
[0m20:14:14.082794 [info ] [MainThread]:   protocol: None
[0m20:14:14.083255 [info ] [MainThread]:   connect_retries: 1
[0m20:14:14.083642 [info ] [MainThread]:   connect_timeout: None
[0m20:14:14.084021 [info ] [MainThread]:   retry_on_database_errors: False
[0m20:14:14.084423 [info ] [MainThread]:   retry_all: False
[0m20:14:14.084956 [info ] [MainThread]:   insecure_mode: False
[0m20:14:14.085372 [info ] [MainThread]:   reuse_connections: True
[0m20:14:14.085767 [info ] [MainThread]:   s3_stage_vpce_dns_name: None
[0m20:14:14.086086 [info ] [MainThread]:   workload_identity_provider: None
[0m20:14:14.086387 [info ] [MainThread]:   workload_identity_entra_resource: None
[0m20:14:14.086775 [info ] [MainThread]:   platform_detection_timeout_seconds: 0.0
[0m20:14:14.087357 [info ] [MainThread]: Registered adapter: snowflake=1.12.0
[0m20:14:14.396952 [debug] [MainThread]: Acquiring new snowflake connection 'debug'
[0m20:14:14.399312 [debug] [MainThread]: Using snowflake connection "debug"
[0m20:14:14.399630 [debug] [MainThread]: On debug: select 1 as id
[0m20:14:14.399868 [debug] [MainThread]: Opening a new connection, currently in state init
[0m20:14:18.341331 [debug] [MainThread]: Snowflake adapter: Error running SQL: select 1 as id
[0m20:14:18.341669 [debug] [MainThread]: Snowflake adapter: Rolling back transaction.
[0m20:14:18.341935 [info ] [MainThread]:   Connection test: [[31mERROR[0m]

[0m20:14:18.342414 [info ] [MainThread]: [31m1 check failed:[0m
[0m20:14:18.342792 [info ] [MainThread]: dbt was unable to connect to the specified database.
The database returned the following error:

  >Database Error
  250001: Could not connect to Snowflake backend after 2 attempt(s).Aborting
  Verify that the hostnames and port numbers in SYSTEM$ALLOWLIST are added to your firewall's allowed list.
  To further troubleshoot your connection you may reference the following article: https://docs.snowflake.com/en/user-guide/client-connectivity-troubleshooting/overview.

Check your database credentials and try again. For more information, visit:
https://docs.getdbt.com/docs/configure-your-profile


[0m20:14:18.343704 [debug] [MainThread]: Command `dbt debug` failed at 20:14:18.343607 after 5.40 seconds
[0m20:14:18.343953 [debug] [MainThread]: Connection 'debug' was left open.
[0m20:14:18.344162 [debug] [MainThread]: On debug: No close available on handle
[0m20:14:18.344385 [debug] [MainThread]: Sending event: {'category': 'dbt', 'action': 'invocation', 'label': 'end', 'context': [<snowplow_tracker.self_describing_json.SelfDescribingJson object at 0x000002C15BEE7360>, <snowplow_tracker.self_describing_json.SelfDescribingJson object at 0x000002C15BFA8710>, <snowplow_tracker.self_describing_json.SelfDescribingJson object at 0x000002C15BE527A0>]}
[0m20:14:18.344675 [debug] [MainThread]: Flushing usage events
[0m20:14:21.135446 [debug] [MainThread]: An error was encountered while trying to flush usage events
[0m20:15:45.749414 [debug] [MainThread]: Sending event: {'category': 'dbt', 'action': 'invocation', 'label': 'start', 'context': [<snowplow_tracker.self_describing_json.SelfDescribingJson object at 0x000001A7FC04DD30>, <snowplow_tracker.self_describing_json.SelfDescribingJson object at 0x000001A7FE64FD90>, <snowplow_tracker.self_describing_json.SelfDescribingJson object at 0x000001A7FE64FC50>]}


============================== 20:15:45.753395 | 67ce7ca1-f2c1-4ea5-870e-3cd425175f7f ==============================
[0m20:15:45.753395 [info ] [MainThread]: Running with dbt=1.12.4
[0m20:15:45.754045 [debug] [MainThread]: running dbt with arguments {'version_check': 'True', 'no_print': 'None', 'maximum_seed_size_mib': '1', 'target_path': 'None', 'static_parser': 'True', 'warn_error_options': 'WarnErrorOptionsV2(error=[], warn=[], silence=[])', 'printer_width': '80', 'write_json': 'True', 'introspect': 'True', 'log_cache_events': 'False', 'empty': 'None', 'cache_selected_only': 'False', 'fail_fast': 'False', 'debug': 'False', 'log_format': 'default', 'partial_parse': 'True', 'send_anonymous_usage_stats': 'True', 'quiet': 'False', 'warn_error': 'None', 'profiles_dir': 'C:\\Users\\Ayush Badola\\.dbt', 'indirect_selection': 'eager', 'hints_enabled': 'True', 'use_colors': 'True', 'use_experimental_parser': 'False', 'invocation_command': 'dbt debug', 'log_path': 'C:\\7thsem\\uttarakhand-trek-intelligence\\pipeline\\dbt\\logs'}
[0m20:15:45.773209 [info ] [MainThread]: dbt version: 1.12.4
[0m20:15:45.773847 [info ] [MainThread]: python version: 3.13.3
[0m20:15:45.774385 [info ] [MainThread]: python path: C:\Users\Ayush Badola\AppData\Local\Programs\Python\Python313\python.exe
[0m20:15:45.774859 [info ] [MainThread]: os info: Windows-11-10.0.26200-SP0
[0m20:15:46.517620 [debug] [MainThread]: Snowflake adapter: Setting snowflake.connector to ERROR (file logging only)
[0m20:15:46.518058 [debug] [MainThread]: Snowflake adapter: Setting botocore to ERROR (file logging only)
[0m20:15:46.518403 [debug] [MainThread]: Snowflake adapter: Setting boto3 to ERROR (file logging only)
[0m20:15:46.632441 [info ] [MainThread]: Using profiles dir at C:\Users\Ayush Badola\.dbt
[0m20:15:46.633108 [info ] [MainThread]: Using profiles.yml file at C:\Users\Ayush Badola\.dbt\profiles.yml
[0m20:15:46.633536 [info ] [MainThread]: Using dbt_project.yml file at C:\7thsem\uttarakhand-trek-intelligence\pipeline\dbt\dbt_project.yml
[0m20:15:46.634708 [info ] [MainThread]: adapter type: snowflake
[0m20:15:46.635129 [info ] [MainThread]: adapter version: 1.12.0
[0m20:15:46.721428 [info ] [MainThread]: Configuration:
[0m20:15:46.721974 [info ] [MainThread]:   profiles.yml file [[32mOK found and valid[0m]
[0m20:15:46.722488 [info ] [MainThread]:   dbt_project.yml file [[32mOK found and valid[0m]
[0m20:15:46.723055 [info ] [MainThread]: Required dependencies:
[0m20:15:46.723562 [debug] [MainThread]: Executing "git --help"
[0m20:15:46.759073 [debug] [MainThread]: STDOUT: "b"usage: git [-v | --version] [-h | --help] [-C <path>] [-c <name>=<value>]\n           [--exec-path[=<path>]] [--html-path] [--man-path] [--info-path]\n           [-p | --paginate | -P | --no-pager] [--no-replace-objects] [--no-lazy-fetch]\n           [--no-optional-locks] [--no-advice] [--bare] [--git-dir=<path>]\n           [--work-tree=<path>] [--namespace=<name>] [--config-env=<name>=<envvar>]\n           <command> [<args>]\n\nThese are common Git commands used in various situations:\n\nstart a working area (see also: git help tutorial)\n   clone      Clone a repository into a new directory\n   init       Create an empty Git repository or reinitialize an existing one\n\nwork on the current change (see also: git help everyday)\n   add        Add file contents to the index\n   mv         Move or rename a file, a directory, or a symlink\n   restore    Restore working tree files\n   rm         Remove files from the working tree and from the index\n\nexamine the history and state (see also: git help revisions)\n   bisect     Use binary search to find the commit that introduced a bug\n   diff       Show changes between commits, commit and working tree, etc\n   grep       Print lines matching a pattern\n   log        Show commit logs\n   show       Show various types of objects\n   status     Show the working tree status\n\ngrow, mark and tweak your common history\n   backfill   Download missing objects in a partial clone\n   branch     List, create, or delete branches\n   commit     Record changes to the repository\n   merge      Join two or more development histories together\n   rebase     Reapply commits on top of another base tip\n   reset      Reset current HEAD to the specified state\n   switch     Switch branches\n   tag        Create, list, delete or verify a tag object signed with GPG\n\ncollaborate (see also: git help workflows)\n   fetch      Download objects and refs from another repository\n   pull       Fetch from and integrate with another repository or a local branch\n   push       Update remote refs along with associated objects\n\n'git help -a' and 'git help -g' list available subcommands and some\nconcept guides. See 'git help <command>' or 'git help <concept>'\nto read about a specific subcommand or concept.\nSee 'git help git' for an overview of the system.\n""
[0m20:15:46.759544 [debug] [MainThread]: STDERR: "b''"
[0m20:15:46.759890 [info ] [MainThread]:  - git [[32mOK found[0m]

[0m20:15:46.760309 [info ] [MainThread]: Connection:
[0m20:15:46.760714 [info ] [MainThread]:   account: ND77878.ap-southeast-1.aws
[0m20:15:46.761044 [info ] [MainThread]:   user: AYUSHBADOLA74
[0m20:15:46.761338 [info ] [MainThread]:   database: UTTARAKHAND_TREK_DB
[0m20:15:46.761632 [info ] [MainThread]:   warehouse: COMPUTE_WH
[0m20:15:46.761909 [info ] [MainThread]:   role: ACCOUNTADMIN
[0m20:15:46.762159 [info ] [MainThread]:   schema: TREK_ANALYTICS
[0m20:15:46.762397 [info ] [MainThread]:   authenticator: None
[0m20:15:46.762634 [info ] [MainThread]:   oauth_client_id: None
[0m20:15:46.762877 [info ] [MainThread]:   query_tag: None
[0m20:15:46.763111 [info ] [MainThread]:   client_session_keep_alive: False
[0m20:15:46.763336 [info ] [MainThread]:   host: None
[0m20:15:46.763559 [info ] [MainThread]:   port: None
[0m20:15:46.763781 [info ] [MainThread]:   proxy_host: None
[0m20:15:46.764015 [info ] [MainThread]:   proxy_port: None
[0m20:15:46.764240 [info ] [MainThread]:   protocol: None
[0m20:15:46.764465 [info ] [MainThread]:   connect_retries: 1
[0m20:15:46.764684 [info ] [MainThread]:   connect_timeout: None
[0m20:15:46.764914 [info ] [MainThread]:   retry_on_database_errors: False
[0m20:15:46.765233 [info ] [MainThread]:   retry_all: False
[0m20:15:46.765527 [info ] [MainThread]:   insecure_mode: False
[0m20:15:46.765837 [info ] [MainThread]:   reuse_connections: True
[0m20:15:46.766246 [info ] [MainThread]:   s3_stage_vpce_dns_name: None
[0m20:15:46.766569 [info ] [MainThread]:   workload_identity_provider: None
[0m20:15:46.766899 [info ] [MainThread]:   workload_identity_entra_resource: None
[0m20:15:46.767188 [info ] [MainThread]:   platform_detection_timeout_seconds: 0.0
[0m20:15:46.767704 [info ] [MainThread]: Registered adapter: snowflake=1.12.0
[0m20:15:47.071597 [debug] [MainThread]: Acquiring new snowflake connection 'debug'
[0m20:15:47.073802 [debug] [MainThread]: Using snowflake connection "debug"
[0m20:15:47.074104 [debug] [MainThread]: On debug: select 1 as id
[0m20:15:47.074311 [debug] [MainThread]: Opening a new connection, currently in state init
[0m20:16:02.962273 [debug] [MainThread]: Snowflake adapter: Error running SQL: select 1 as id
[0m20:16:02.962642 [debug] [MainThread]: Snowflake adapter: Rolling back transaction.
[0m20:16:02.962916 [info ] [MainThread]:   Connection test: [[31mERROR[0m]

[0m20:16:02.963359 [info ] [MainThread]: [31m1 check failed:[0m
[0m20:16:02.963733 [info ] [MainThread]: dbt was unable to connect to the specified database.
The database returned the following error:

  >Database Error
  250001: Could not connect to Snowflake backend after 2 attempt(s).Aborting
  Verify that the hostnames and port numbers in SYSTEM$ALLOWLIST are added to your firewall's allowed list.
  To further troubleshoot your connection you may reference the following article: https://docs.snowflake.com/en/user-guide/client-connectivity-troubleshooting/overview.

Check your database credentials and try again. For more information, visit:
https://docs.getdbt.com/docs/configure-your-profile


[0m20:16:02.964745 [debug] [MainThread]: Command `dbt debug` failed at 20:16:02.964629 after 17.34 seconds
[0m20:16:02.965046 [debug] [MainThread]: Connection 'debug' was left open.
[0m20:16:02.965378 [debug] [MainThread]: On debug: No close available on handle
[0m20:16:02.965754 [debug] [MainThread]: Sending event: {'category': 'dbt', 'action': 'invocation', 'label': 'end', 'context': [<snowplow_tracker.self_describing_json.SelfDescribingJson object at 0x000001A797EF3360>, <snowplow_tracker.self_describing_json.SelfDescribingJson object at 0x000001A797FB8710>, <snowplow_tracker.self_describing_json.SelfDescribingJson object at 0x000001A797E627A0>]}
[0m20:16:02.966244 [debug] [MainThread]: Flushing usage events
[0m20:16:05.703122 [debug] [MainThread]: An error was encountered while trying to flush usage events
[0m20:19:01.888287 [debug] [MainThread]: Sending event: {'category': 'dbt', 'action': 'invocation', 'label': 'start', 'context': [<snowplow_tracker.self_describing_json.SelfDescribingJson object at 0x000001AF677ADD30>, <snowplow_tracker.self_describing_json.SelfDescribingJson object at 0x000001AF69DAFD90>, <snowplow_tracker.self_describing_json.SelfDescribingJson object at 0x000001AF69DAFC50>]}


============================== 20:19:01.892257 | d40cafc6-311a-4edc-b636-1010279127b0 ==============================
[0m20:19:01.892257 [info ] [MainThread]: Running with dbt=1.12.4
[0m20:19:01.892857 [debug] [MainThread]: running dbt with arguments {'maximum_seed_size_mib': '1', 'no_print': 'None', 'static_parser': 'True', 'warn_error_options': 'WarnErrorOptionsV2(error=[], warn=[], silence=[])', 'target_path': 'None', 'version_check': 'True', 'printer_width': '80', 'write_json': 'True', 'empty': 'None', 'log_cache_events': 'False', 'introspect': 'True', 'cache_selected_only': 'False', 'fail_fast': 'False', 'debug': 'False', 'log_format': 'default', 'profiles_dir': 'C:\\Users\\Ayush Badola\\.dbt', 'send_anonymous_usage_stats': 'True', 'quiet': 'False', 'warn_error': 'None', 'partial_parse': 'True', 'indirect_selection': 'eager', 'hints_enabled': 'True', 'use_colors': 'True', 'use_experimental_parser': 'False', 'invocation_command': 'dbt debug', 'log_path': 'C:\\7thsem\\uttarakhand-trek-intelligence\\pipeline\\dbt\\logs'}
[0m20:19:01.911342 [info ] [MainThread]: dbt version: 1.12.4
[0m20:19:01.911900 [info ] [MainThread]: python version: 3.13.3
[0m20:19:01.912381 [info ] [MainThread]: python path: C:\Users\Ayush Badola\AppData\Local\Programs\Python\Python313\python.exe
[0m20:19:01.912872 [info ] [MainThread]: os info: Windows-11-10.0.26200-SP0
[0m20:19:02.643847 [debug] [MainThread]: Snowflake adapter: Setting snowflake.connector to ERROR (file logging only)
[0m20:19:02.644269 [debug] [MainThread]: Snowflake adapter: Setting botocore to ERROR (file logging only)
[0m20:19:02.644530 [debug] [MainThread]: Snowflake adapter: Setting boto3 to ERROR (file logging only)
[0m20:19:02.757910 [info ] [MainThread]: Using profiles dir at C:\Users\Ayush Badola\.dbt
[0m20:19:02.758480 [info ] [MainThread]: Using profiles.yml file at C:\Users\Ayush Badola\.dbt\profiles.yml
[0m20:19:02.758882 [info ] [MainThread]: Using dbt_project.yml file at C:\7thsem\uttarakhand-trek-intelligence\pipeline\dbt\dbt_project.yml
[0m20:19:02.759977 [info ] [MainThread]: adapter type: snowflake
[0m20:19:02.760316 [info ] [MainThread]: adapter version: 1.12.0
[0m20:19:02.850953 [info ] [MainThread]: Configuration:
[0m20:19:02.851496 [info ] [MainThread]:   profiles.yml file [[32mOK found and valid[0m]
[0m20:19:02.851938 [info ] [MainThread]:   dbt_project.yml file [[32mOK found and valid[0m]
[0m20:19:02.852260 [info ] [MainThread]: Required dependencies:
[0m20:19:02.852643 [debug] [MainThread]: Executing "git --help"
[0m20:19:02.885161 [debug] [MainThread]: STDOUT: "b"usage: git [-v | --version] [-h | --help] [-C <path>] [-c <name>=<value>]\n           [--exec-path[=<path>]] [--html-path] [--man-path] [--info-path]\n           [-p | --paginate | -P | --no-pager] [--no-replace-objects] [--no-lazy-fetch]\n           [--no-optional-locks] [--no-advice] [--bare] [--git-dir=<path>]\n           [--work-tree=<path>] [--namespace=<name>] [--config-env=<name>=<envvar>]\n           <command> [<args>]\n\nThese are common Git commands used in various situations:\n\nstart a working area (see also: git help tutorial)\n   clone      Clone a repository into a new directory\n   init       Create an empty Git repository or reinitialize an existing one\n\nwork on the current change (see also: git help everyday)\n   add        Add file contents to the index\n   mv         Move or rename a file, a directory, or a symlink\n   restore    Restore working tree files\n   rm         Remove files from the working tree and from the index\n\nexamine the history and state (see also: git help revisions)\n   bisect     Use binary search to find the commit that introduced a bug\n   diff       Show changes between commits, commit and working tree, etc\n   grep       Print lines matching a pattern\n   log        Show commit logs\n   show       Show various types of objects\n   status     Show the working tree status\n\ngrow, mark and tweak your common history\n   backfill   Download missing objects in a partial clone\n   branch     List, create, or delete branches\n   commit     Record changes to the repository\n   merge      Join two or more development histories together\n   rebase     Reapply commits on top of another base tip\n   reset      Reset current HEAD to the specified state\n   switch     Switch branches\n   tag        Create, list, delete or verify a tag object signed with GPG\n\ncollaborate (see also: git help workflows)\n   fetch      Download objects and refs from another repository\n   pull       Fetch from and integrate with another repository or a local branch\n   push       Update remote refs along with associated objects\n\n'git help -a' and 'git help -g' list available subcommands and some\nconcept guides. See 'git help <command>' or 'git help <concept>'\nto read about a specific subcommand or concept.\nSee 'git help git' for an overview of the system.\n""
[0m20:19:02.885635 [debug] [MainThread]: STDERR: "b''"
[0m20:19:02.886027 [info ] [MainThread]:  - git [[32mOK found[0m]

[0m20:19:02.886454 [info ] [MainThread]: Connection:
[0m20:19:02.886821 [info ] [MainThread]:   account: ND77878.ap-southeast-1
[0m20:19:02.887154 [info ] [MainThread]:   user: AYUSHBADOLA74
[0m20:19:02.887501 [info ] [MainThread]:   database: UTTARAKHAND_TREK_DB
[0m20:19:02.887854 [info ] [MainThread]:   warehouse: COMPUTE_WH
[0m20:19:02.888132 [info ] [MainThread]:   role: ACCOUNTADMIN
[0m20:19:02.888409 [info ] [MainThread]:   schema: TREK_ANALYTICS
[0m20:19:02.888653 [info ] [MainThread]:   authenticator: None
[0m20:19:02.888891 [info ] [MainThread]:   oauth_client_id: None
[0m20:19:02.889116 [info ] [MainThread]:   query_tag: None
[0m20:19:02.889356 [info ] [MainThread]:   client_session_keep_alive: False
[0m20:19:02.889603 [info ] [MainThread]:   host: None
[0m20:19:02.889837 [info ] [MainThread]:   port: None
[0m20:19:02.890065 [info ] [MainThread]:   proxy_host: None
[0m20:19:02.890327 [info ] [MainThread]:   proxy_port: None
[0m20:19:02.890619 [info ] [MainThread]:   protocol: None
[0m20:19:02.890973 [info ] [MainThread]:   connect_retries: 1
[0m20:19:02.891269 [info ] [MainThread]:   connect_timeout: None
[0m20:19:02.891535 [info ] [MainThread]:   retry_on_database_errors: False
[0m20:19:02.891908 [info ] [MainThread]:   retry_all: False
[0m20:19:02.892333 [info ] [MainThread]:   insecure_mode: False
[0m20:19:02.892706 [info ] [MainThread]:   reuse_connections: True
[0m20:19:02.892994 [info ] [MainThread]:   s3_stage_vpce_dns_name: None
[0m20:19:02.893251 [info ] [MainThread]:   workload_identity_provider: None
[0m20:19:02.893494 [info ] [MainThread]:   workload_identity_entra_resource: None
[0m20:19:02.893737 [info ] [MainThread]:   platform_detection_timeout_seconds: 0.0
[0m20:19:02.894350 [info ] [MainThread]: Registered adapter: snowflake=1.12.0
[0m20:19:03.206833 [debug] [MainThread]: Acquiring new snowflake connection 'debug'
[0m20:19:03.209200 [debug] [MainThread]: Using snowflake connection "debug"
[0m20:19:03.209498 [debug] [MainThread]: On debug: select 1 as id
[0m20:19:03.209711 [debug] [MainThread]: Opening a new connection, currently in state init
[0m20:19:05.347833 [debug] [MainThread]: SQL status: SUCCESS 1 in 2.138 seconds
[0m20:19:05.349011 [info ] [MainThread]:   Connection test: [[32mOK connection ok[0m]

[0m20:19:05.349630 [info ] [MainThread]: [32mAll checks passed![0m
[0m20:19:05.350982 [debug] [MainThread]: Command `dbt debug` succeeded at 20:19:05.350834 after 3.58 seconds
[0m20:19:05.351324 [debug] [MainThread]: Connection 'debug' was left open.
[0m20:19:05.351537 [debug] [MainThread]: On debug: Close
[0m20:19:05.593279 [debug] [MainThread]: Sending event: {'category': 'dbt', 'action': 'invocation', 'label': 'end', 'context': [<snowplow_tracker.self_describing_json.SelfDescribingJson object at 0x000001AF03688180>, <snowplow_tracker.self_describing_json.SelfDescribingJson object at 0x000001AF037E84D0>, <snowplow_tracker.self_describing_json.SelfDescribingJson object at 0x000001AF03692F10>]}
[0m20:19:05.593887 [debug] [MainThread]: Flushing usage events
[0m20:19:07.004894 [debug] [MainThread]: An error was encountered while trying to flush usage events
[0m20:20:20.620526 [debug] [MainThread]: Sending event: {'category': 'dbt', 'action': 'invocation', 'label': 'start', 'context': [<snowplow_tracker.self_describing_json.SelfDescribingJson object at 0x000002935278DD30>, <snowplow_tracker.self_describing_json.SelfDescribingJson object at 0x0000029354D8FD90>, <snowplow_tracker.self_describing_json.SelfDescribingJson object at 0x0000029354D8FC50>]}


============================== 20:20:20.624833 | e9efdf41-0a02-45f8-9417-98b045f16a3e ==============================
[0m20:20:20.624833 [info ] [MainThread]: Running with dbt=1.12.4
[0m20:20:20.625476 [debug] [MainThread]: running dbt with arguments {'maximum_seed_size_mib': '1', 'no_print': 'None', 'version_check': 'True', 'target_path': 'None', 'static_parser': 'True', 'warn_error_options': 'WarnErrorOptionsV2(error=[], warn=[], silence=[])', 'printer_width': '80', 'write_json': 'True', 'empty': 'None', 'log_cache_events': 'False', 'introspect': 'True', 'cache_selected_only': 'False', 'fail_fast': 'False', 'debug': 'False', 'log_format': 'default', 'partial_parse': 'True', 'send_anonymous_usage_stats': 'True', 'quiet': 'False', 'warn_error': 'None', 'profiles_dir': 'C:\\Users\\Ayush Badola\\.dbt', 'invocation_command': 'dbt parse', 'hints_enabled': 'True', 'use_colors': 'True', 'use_experimental_parser': 'False', 'indirect_selection': 'eager', 'log_path': 'C:\\7thsem\\uttarakhand-trek-intelligence\\pipeline\\dbt\\logs'}
[0m20:20:21.412680 [debug] [MainThread]: Snowflake adapter: Setting snowflake.connector to ERROR (file logging only)
[0m20:20:21.413145 [debug] [MainThread]: Snowflake adapter: Setting botocore to ERROR (file logging only)
[0m20:20:21.413401 [debug] [MainThread]: Snowflake adapter: Setting boto3 to ERROR (file logging only)
[0m20:20:21.706741 [debug] [MainThread]: Sending event: {'category': 'dbt', 'action': 'project_id', 'label': 'e9efdf41-0a02-45f8-9417-98b045f16a3e', 'context': [<snowplow_tracker.self_describing_json.SelfDescribingJson object at 0x0000029352CAE9E0>]}
[0m20:20:21.762646 [debug] [MainThread]: Sending event: {'category': 'dbt', 'action': 'adapter_info', 'label': 'e9efdf41-0a02-45f8-9417-98b045f16a3e', 'context': [<snowplow_tracker.self_describing_json.SelfDescribingJson object at 0x00000293532C27A0>]}
[0m20:20:21.764249 [info ] [MainThread]: Registered adapter: snowflake=1.12.0
[0m20:20:22.092888 [debug] [MainThread]: checksum: 19eff4c7ce702b08bdb92bf312c3b132d953f93af96778c1547d783172635df9, vars: {}, profile: uttarakhand_trek, target: dev, version: 1.12.4
[0m20:20:22.093905 [info ] [MainThread]: Unable to do partial parsing because saved manifest not found. Starting full parse.
[0m20:20:22.094499 [debug] [MainThread]: Sending event: {'category': 'dbt', 'action': 'partial_parser', 'label': 'e9efdf41-0a02-45f8-9417-98b045f16a3e', 'context': [<snowplow_tracker.self_describing_json.SelfDescribingJson object at 0x000002936E334E50>]}
[0m20:20:23.707759 [warn ] [MainThread]: [[33mWARNING[0m]: Configuration paths exist in your dbt_project.yml file which do not apply to any resources.
There are 3 unused configuration paths:
- models.uttarakhand_trek.intermediate
- models.uttarakhand_trek.staging
- models.uttarakhand_trek.marts
[0m20:20:23.711403 [debug] [MainThread]: Sending event: {'category': 'dbt', 'action': 'load_project', 'label': 'e9efdf41-0a02-45f8-9417-98b045f16a3e', 'context': [<snowplow_tracker.self_describing_json.SelfDescribingJson object at 0x0000029354A97110>]}
[0m20:20:23.715368 [info ] [MainThread]: Performance info: C:\7thsem\uttarakhand-trek-intelligence\pipeline\dbt\target\perf_info.json
[0m20:20:23.764203 [debug] [MainThread]: Wrote artifact WritableManifest to C:\7thsem\uttarakhand-trek-intelligence\pipeline\dbt\target\manifest.json
[0m20:20:23.768327 [debug] [MainThread]: Wrote artifact SemanticManifest to C:\7thsem\uttarakhand-trek-intelligence\pipeline\dbt\target\semantic_manifest.json
[0m20:20:23.795252 [debug] [MainThread]: Wrote artifact OsiDocument to C:\7thsem\uttarakhand-trek-intelligence\pipeline\dbt\target\osi_document.json
[0m20:20:23.796389 [debug] [MainThread]: Command `dbt parse` succeeded at 20:20:23.796250 after 3.29 seconds
[0m20:20:23.796794 [debug] [MainThread]: Sending event: {'category': 'dbt', 'action': 'invocation', 'label': 'end', 'context': [<snowplow_tracker.self_describing_json.SelfDescribingJson object at 0x0000029354C53E70>, <snowplow_tracker.self_describing_json.SelfDescribingJson object at 0x000002936E66F230>, <snowplow_tracker.self_describing_json.SelfDescribingJson object at 0x000002936E8A3E10>]}
[0m20:20:23.797103 [debug] [MainThread]: Flushing usage events
[0m20:20:28.576069 [debug] [MainThread]: An error was encountered while trying to flush usage events
[0m20:21:03.760720 [debug] [MainThread]: Sending event: {'category': 'dbt', 'action': 'invocation', 'label': 'start', 'context': [<snowplow_tracker.self_describing_json.SelfDescribingJson object at 0x0000020D3776DD30>, <snowplow_tracker.self_describing_json.SelfDescribingJson object at 0x0000020D39DABED0>, <snowplow_tracker.self_describing_json.SelfDescribingJson object at 0x0000020D39DABD90>]}


============================== 20:21:03.764743 | 495c3c96-fb22-409a-8b57-ae4e0e45504a ==============================
[0m20:21:03.764743 [info ] [MainThread]: Running with dbt=1.12.4
[0m20:21:03.765349 [debug] [MainThread]: running dbt with arguments {'version_check': 'True', 'no_print': 'None', 'maximum_seed_size_mib': '1', 'target_path': 'None', 'static_parser': 'True', 'warn_error_options': 'WarnErrorOptionsV2(error=[], warn=[], silence=[])', 'printer_width': '80', 'write_json': 'True', 'introspect': 'True', 'log_cache_events': 'False', 'empty': 'False', 'cache_selected_only': 'False', 'fail_fast': 'False', 'debug': 'False', 'log_format': 'default', 'profiles_dir': 'C:\\Users\\Ayush Badola\\.dbt', 'send_anonymous_usage_stats': 'True', 'quiet': 'False', 'warn_error': 'None', 'partial_parse': 'True', 'indirect_selection': 'eager', 'hints_enabled': 'True', 'use_colors': 'True', 'use_experimental_parser': 'False', 'invocation_command': 'dbt compile', 'log_path': 'C:\\7thsem\\uttarakhand-trek-intelligence\\pipeline\\dbt\\logs'}
[0m20:21:04.533328 [debug] [MainThread]: Snowflake adapter: Setting snowflake.connector to ERROR (file logging only)
[0m20:21:04.533772 [debug] [MainThread]: Snowflake adapter: Setting botocore to ERROR (file logging only)
[0m20:21:04.534048 [debug] [MainThread]: Snowflake adapter: Setting boto3 to ERROR (file logging only)
[0m20:21:04.767216 [debug] [MainThread]: Sending event: {'category': 'dbt', 'action': 'project_id', 'label': '495c3c96-fb22-409a-8b57-ae4e0e45504a', 'context': [<snowplow_tracker.self_describing_json.SelfDescribingJson object at 0x0000020D37C8E9E0>]}
[0m20:21:04.822321 [debug] [MainThread]: Sending event: {'category': 'dbt', 'action': 'adapter_info', 'label': '495c3c96-fb22-409a-8b57-ae4e0e45504a', 'context': [<snowplow_tracker.self_describing_json.SelfDescribingJson object at 0x0000020D382927A0>]}
[0m20:21:04.824025 [info ] [MainThread]: Registered adapter: snowflake=1.12.0
[0m20:21:05.129250 [debug] [MainThread]: checksum: 19eff4c7ce702b08bdb92bf312c3b132d953f93af96778c1547d783172635df9, vars: {}, profile: uttarakhand_trek, target: dev, version: 1.12.4
[0m20:21:05.217441 [debug] [MainThread]: Partial parsing enabled: 0 files deleted, 0 files added, 0 files changed.
[0m20:21:05.217779 [debug] [MainThread]: Nothing changed, skipping partial parsing.
[0m20:21:05.218013 [debug] [MainThread]: Partial parsing enabled, no changes found, skipping parsing
[0m20:21:05.218326 [warn ] [MainThread]: [[33mWARNING[0m]: Configuration paths exist in your dbt_project.yml file which do not apply to any resources.
There are 3 unused configuration paths:
- models.uttarakhand_trek.intermediate
- models.uttarakhand_trek.marts
- models.uttarakhand_trek.staging
[0m20:21:05.221932 [debug] [MainThread]: Sending event: {'category': 'dbt', 'action': 'load_project', 'label': '495c3c96-fb22-409a-8b57-ae4e0e45504a', 'context': [<snowplow_tracker.self_describing_json.SelfDescribingJson object at 0x0000020D53922E50>]}
[0m20:21:05.268668 [debug] [MainThread]: Wrote artifact WritableManifest to C:\7thsem\uttarakhand-trek-intelligence\pipeline\dbt\target\manifest.json
[0m20:21:05.273227 [debug] [MainThread]: Wrote artifact SemanticManifest to C:\7thsem\uttarakhand-trek-intelligence\pipeline\dbt\target\semantic_manifest.json
[0m20:21:05.297301 [debug] [MainThread]: Wrote artifact OsiDocument to C:\7thsem\uttarakhand-trek-intelligence\pipeline\dbt\target\osi_document.json
[0m20:21:05.310591 [debug] [MainThread]: Sending event: {'category': 'dbt', 'action': 'resource_counts', 'label': '495c3c96-fb22-409a-8b57-ae4e0e45504a', 'context': [<snowplow_tracker.self_describing_json.SelfDescribingJson object at 0x0000020D53B1DB80>]}
[0m20:21:05.311055 [info ] [MainThread]: Found 545 macros
[0m20:21:05.311403 [debug] [MainThread]: Sending event: {'category': 'dbt', 'action': 'runnable_timing', 'label': '495c3c96-fb22-409a-8b57-ae4e0e45504a', 'context': [<snowplow_tracker.self_describing_json.SelfDescribingJson object at 0x0000020D538BBA10>]}
[0m20:21:05.312581 [warn ] [MainThread]: [[33mWARNING[0m]: Nothing to do. Try checking your model configs and model specification args
[0m20:21:05.314338 [debug] [MainThread]: Command end result
[0m20:21:05.340064 [debug] [MainThread]: Wrote artifact WritableManifest to C:\7thsem\uttarakhand-trek-intelligence\pipeline\dbt\target\manifest.json
[0m20:21:05.343338 [debug] [MainThread]: Wrote artifact SemanticManifest to C:\7thsem\uttarakhand-trek-intelligence\pipeline\dbt\target\semantic_manifest.json
[0m20:21:05.346666 [debug] [MainThread]: Wrote artifact OsiDocument to C:\7thsem\uttarakhand-trek-intelligence\pipeline\dbt\target\osi_document.json
[0m20:21:05.350471 [debug] [MainThread]: Wrote artifact RunExecutionResult to C:\7thsem\uttarakhand-trek-intelligence\pipeline\dbt\target\run_results.json
[0m20:21:05.351684 [debug] [MainThread]: Command `dbt compile` succeeded at 20:21:05.351520 after 1.71 seconds
[0m20:21:05.352081 [debug] [MainThread]: Sending event: {'category': 'dbt', 'action': 'invocation', 'label': 'end', 'context': [<snowplow_tracker.self_describing_json.SelfDescribingJson object at 0x0000020D539A42C0>, <snowplow_tracker.self_describing_json.SelfDescribingJson object at 0x0000020D39A93E90>, <snowplow_tracker.self_describing_json.SelfDescribingJson object at 0x0000020D53915550>]}
[0m20:21:05.352407 [debug] [MainThread]: Flushing usage events
[0m20:21:06.831251 [debug] [MainThread]: An error was encountered while trying to flush usage events
[0m20:21:10.082228 [debug] [MainThread]: Sending event: {'category': 'dbt', 'action': 'invocation', 'label': 'start', 'context': [<snowplow_tracker.self_describing_json.SelfDescribingJson object at 0x000001B39696DD30>, <snowplow_tracker.self_describing_json.SelfDescribingJson object at 0x000001B398FB7ED0>, <snowplow_tracker.self_describing_json.SelfDescribingJson object at 0x000001B398FB7D90>]}


============================== 20:21:10.086157 | e653cc00-f54f-43b6-aaef-b6ec7976c62b ==============================
[0m20:21:10.086157 [info ] [MainThread]: Running with dbt=1.12.4
[0m20:21:10.086814 [debug] [MainThread]: running dbt with arguments {'version_check': 'True', 'no_print': 'None', 'static_parser': 'True', 'target_path': 'None', 'maximum_seed_size_mib': '1', 'warn_error_options': 'WarnErrorOptionsV2(error=[], warn=[], silence=[])', 'printer_width': '80', 'write_json': 'True', 'empty': 'False', 'log_cache_events': 'False', 'introspect': 'True', 'cache_selected_only': 'False', 'fail_fast': 'False', 'debug': 'False', 'log_format': 'default', 'partial_parse': 'True', 'send_anonymous_usage_stats': 'True', 'quiet': 'False', 'warn_error': 'None', 'profiles_dir': 'C:\\Users\\Ayush Badola\\.dbt', 'use_colors': 'True', 'hints_enabled': 'True', 'invocation_command': 'dbt run', 'use_experimental_parser': 'False', 'indirect_selection': 'eager', 'log_path': 'C:\\7thsem\\uttarakhand-trek-intelligence\\pipeline\\dbt\\logs'}
[0m20:21:10.839782 [debug] [MainThread]: Snowflake adapter: Setting snowflake.connector to ERROR (file logging only)
[0m20:21:10.840209 [debug] [MainThread]: Snowflake adapter: Setting botocore to ERROR (file logging only)
[0m20:21:10.840474 [debug] [MainThread]: Snowflake adapter: Setting boto3 to ERROR (file logging only)
[0m20:21:11.064995 [debug] [MainThread]: Sending event: {'category': 'dbt', 'action': 'project_id', 'label': 'e653cc00-f54f-43b6-aaef-b6ec7976c62b', 'context': [<snowplow_tracker.self_describing_json.SelfDescribingJson object at 0x000001B396E8E9E0>]}
[0m20:21:11.118806 [debug] [MainThread]: Sending event: {'category': 'dbt', 'action': 'adapter_info', 'label': 'e653cc00-f54f-43b6-aaef-b6ec7976c62b', 'context': [<snowplow_tracker.self_describing_json.SelfDescribingJson object at 0x000001B3974A27A0>]}
[0m20:21:11.120195 [info ] [MainThread]: Registered adapter: snowflake=1.12.0
[0m20:21:11.424465 [debug] [MainThread]: checksum: 19eff4c7ce702b08bdb92bf312c3b132d953f93af96778c1547d783172635df9, vars: {}, profile: uttarakhand_trek, target: dev, version: 1.12.4
[0m20:21:11.501520 [debug] [MainThread]: Partial parsing enabled: 0 files deleted, 0 files added, 0 files changed.
[0m20:21:11.501872 [debug] [MainThread]: Nothing changed, skipping partial parsing.
[0m20:21:11.502110 [debug] [MainThread]: Partial parsing enabled, no changes found, skipping parsing
[0m20:21:11.502434 [warn ] [MainThread]: [[33mWARNING[0m]: Configuration paths exist in your dbt_project.yml file which do not apply to any resources.
There are 3 unused configuration paths:
- models.uttarakhand_trek.staging
- models.uttarakhand_trek.intermediate
- models.uttarakhand_trek.marts
[0m20:21:11.505922 [debug] [MainThread]: Sending event: {'category': 'dbt', 'action': 'load_project', 'label': 'e653cc00-f54f-43b6-aaef-b6ec7976c62b', 'context': [<snowplow_tracker.self_describing_json.SelfDescribingJson object at 0x000001B3B2B32E50>]}
[0m20:21:11.553027 [debug] [MainThread]: Wrote artifact WritableManifest to C:\7thsem\uttarakhand-trek-intelligence\pipeline\dbt\target\manifest.json
[0m20:21:11.556287 [debug] [MainThread]: Wrote artifact SemanticManifest to C:\7thsem\uttarakhand-trek-intelligence\pipeline\dbt\target\semantic_manifest.json
[0m20:21:11.580306 [debug] [MainThread]: Wrote artifact OsiDocument to C:\7thsem\uttarakhand-trek-intelligence\pipeline\dbt\target\osi_document.json
[0m20:21:11.591599 [debug] [MainThread]: Sending event: {'category': 'dbt', 'action': 'resource_counts', 'label': 'e653cc00-f54f-43b6-aaef-b6ec7976c62b', 'context': [<snowplow_tracker.self_describing_json.SelfDescribingJson object at 0x000001B3B2D2A6C0>]}
[0m20:21:11.592078 [info ] [MainThread]: Found 545 macros
[0m20:21:11.592440 [debug] [MainThread]: Sending event: {'category': 'dbt', 'action': 'runnable_timing', 'label': 'e653cc00-f54f-43b6-aaef-b6ec7976c62b', 'context': [<snowplow_tracker.self_describing_json.SelfDescribingJson object at 0x000001B3B2B50130>]}
[0m20:21:11.593812 [warn ] [MainThread]: [[33mWARNING[0m]: Nothing to do. Try checking your model configs and model specification args
[0m20:21:11.595676 [debug] [MainThread]: Command end result
[0m20:21:11.625458 [debug] [MainThread]: Wrote artifact WritableManifest to C:\7thsem\uttarakhand-trek-intelligence\pipeline\dbt\target\manifest.json
[0m20:21:11.629181 [debug] [MainThread]: Wrote artifact SemanticManifest to C:\7thsem\uttarakhand-trek-intelligence\pipeline\dbt\target\semantic_manifest.json
[0m20:21:11.632592 [debug] [MainThread]: Wrote artifact OsiDocument to C:\7thsem\uttarakhand-trek-intelligence\pipeline\dbt\target\osi_document.json
[0m20:21:11.636298 [debug] [MainThread]: Wrote artifact RunExecutionResult to C:\7thsem\uttarakhand-trek-intelligence\pipeline\dbt\target\run_results.json
[0m20:21:11.637519 [debug] [MainThread]: Command `dbt run` succeeded at 20:21:11.637337 after 1.67 seconds
[0m20:21:11.638155 [debug] [MainThread]: Sending event: {'category': 'dbt', 'action': 'invocation', 'label': 'end', 'context': [<snowplow_tracker.self_describing_json.SelfDescribingJson object at 0x000001B3B2BB0940>, <snowplow_tracker.self_describing_json.SelfDescribingJson object at 0x000001B398CA3E90>, <snowplow_tracker.self_describing_json.SelfDescribingJson object at 0x000001B3B2AC9B50>]}
[0m20:21:11.638511 [debug] [MainThread]: Flushing usage events
[0m20:21:13.276795 [debug] [MainThread]: An error was encountered while trying to flush usage events
[0m20:21:16.533399 [debug] [MainThread]: Sending event: {'category': 'dbt', 'action': 'invocation', 'label': 'start', 'context': [<snowplow_tracker.self_describing_json.SelfDescribingJson object at 0x000001879342DD30>, <snowplow_tracker.self_describing_json.SelfDescribingJson object at 0x0000018795A7BED0>, <snowplow_tracker.self_describing_json.SelfDescribingJson object at 0x0000018795A7BD90>]}


============================== 20:21:16.537244 | 18aa14e6-a87a-47c6-9c68-67e9f4e16d27 ==============================
[0m20:21:16.537244 [info ] [MainThread]: Running with dbt=1.12.4
[0m20:21:16.537847 [debug] [MainThread]: running dbt with arguments {'maximum_seed_size_mib': '1', 'no_print': 'None', 'version_check': 'True', 'target_path': 'None', 'static_parser': 'True', 'warn_error_options': 'WarnErrorOptionsV2(error=[], warn=[], silence=[])', 'printer_width': '80', 'write_json': 'True', 'empty': 'None', 'log_cache_events': 'False', 'introspect': 'True', 'cache_selected_only': 'False', 'log_format': 'default', 'debug': 'False', 'fail_fast': 'False', 'partial_parse': 'True', 'send_anonymous_usage_stats': 'True', 'quiet': 'False', 'warn_error': 'None', 'profiles_dir': 'C:\\Users\\Ayush Badola\\.dbt', 'invocation_command': 'dbt test', 'hints_enabled': 'True', 'use_colors': 'True', 'use_experimental_parser': 'False', 'indirect_selection': 'eager', 'log_path': 'C:\\7thsem\\uttarakhand-trek-intelligence\\pipeline\\dbt\\logs'}
[0m20:21:17.326089 [debug] [MainThread]: Snowflake adapter: Setting snowflake.connector to ERROR (file logging only)
[0m20:21:17.326530 [debug] [MainThread]: Snowflake adapter: Setting botocore to ERROR (file logging only)
[0m20:21:17.326801 [debug] [MainThread]: Snowflake adapter: Setting boto3 to ERROR (file logging only)
[0m20:21:17.563907 [debug] [MainThread]: Sending event: {'category': 'dbt', 'action': 'project_id', 'label': '18aa14e6-a87a-47c6-9c68-67e9f4e16d27', 'context': [<snowplow_tracker.self_describing_json.SelfDescribingJson object at 0x00000187939529E0>]}
[0m20:21:17.619607 [debug] [MainThread]: Sending event: {'category': 'dbt', 'action': 'adapter_info', 'label': '18aa14e6-a87a-47c6-9c68-67e9f4e16d27', 'context': [<snowplow_tracker.self_describing_json.SelfDescribingJson object at 0x0000018793F627A0>]}
[0m20:21:17.621440 [info ] [MainThread]: Registered adapter: snowflake=1.12.0
[0m20:21:17.942485 [debug] [MainThread]: checksum: 19eff4c7ce702b08bdb92bf312c3b132d953f93af96778c1547d783172635df9, vars: {}, profile: uttarakhand_trek, target: dev, version: 1.12.4
[0m20:21:18.019555 [debug] [MainThread]: Partial parsing enabled: 0 files deleted, 0 files added, 0 files changed.
[0m20:21:18.019907 [debug] [MainThread]: Nothing changed, skipping partial parsing.
[0m20:21:18.020124 [debug] [MainThread]: Partial parsing enabled, no changes found, skipping parsing
[0m20:21:18.020437 [warn ] [MainThread]: [[33mWARNING[0m]: Configuration paths exist in your dbt_project.yml file which do not apply to any resources.
There are 3 unused configuration paths:
- models.uttarakhand_trek.marts
- models.uttarakhand_trek.staging
- models.uttarakhand_trek.intermediate
[0m20:21:18.023980 [debug] [MainThread]: Sending event: {'category': 'dbt', 'action': 'load_project', 'label': '18aa14e6-a87a-47c6-9c68-67e9f4e16d27', 'context': [<snowplow_tracker.self_describing_json.SelfDescribingJson object at 0x00000187AF5F2E50>]}
[0m20:21:18.071079 [debug] [MainThread]: Wrote artifact WritableManifest to C:\7thsem\uttarakhand-trek-intelligence\pipeline\dbt\target\manifest.json
[0m20:21:18.074164 [debug] [MainThread]: Wrote artifact SemanticManifest to C:\7thsem\uttarakhand-trek-intelligence\pipeline\dbt\target\semantic_manifest.json
[0m20:21:18.096904 [debug] [MainThread]: Wrote artifact OsiDocument to C:\7thsem\uttarakhand-trek-intelligence\pipeline\dbt\target\osi_document.json
[0m20:21:18.115398 [debug] [MainThread]: Sending event: {'category': 'dbt', 'action': 'resource_counts', 'label': '18aa14e6-a87a-47c6-9c68-67e9f4e16d27', 'context': [<snowplow_tracker.self_describing_json.SelfDescribingJson object at 0x00000187AF829D60>]}
[0m20:21:18.115845 [info ] [MainThread]: Found 545 macros
[0m20:21:18.116189 [debug] [MainThread]: Sending event: {'category': 'dbt', 'action': 'runnable_timing', 'label': '18aa14e6-a87a-47c6-9c68-67e9f4e16d27', 'context': [<snowplow_tracker.self_describing_json.SelfDescribingJson object at 0x00000187AF878670>]}
[0m20:21:18.117778 [warn ] [MainThread]: [[33mWARNING[0m]: Nothing to do. Try checking your model configs and model specification args
[0m20:21:18.119672 [debug] [MainThread]: Command end result
[0m20:21:18.144800 [debug] [MainThread]: Wrote artifact WritableManifest to C:\7thsem\uttarakhand-trek-intelligence\pipeline\dbt\target\manifest.json
[0m20:21:18.147765 [debug] [MainThread]: Wrote artifact SemanticManifest to C:\7thsem\uttarakhand-trek-intelligence\pipeline\dbt\target\semantic_manifest.json
[0m20:21:18.151148 [debug] [MainThread]: Wrote artifact OsiDocument to C:\7thsem\uttarakhand-trek-intelligence\pipeline\dbt\target\osi_document.json
[0m20:21:18.154232 [debug] [MainThread]: Wrote artifact RunExecutionResult to C:\7thsem\uttarakhand-trek-intelligence\pipeline\dbt\target\run_results.json
[0m20:21:18.155127 [debug] [MainThread]: Command `dbt test` succeeded at 20:21:18.155019 after 1.74 seconds
[0m20:21:18.155490 [debug] [MainThread]: Sending event: {'category': 'dbt', 'action': 'invocation', 'label': 'end', 'context': [<snowplow_tracker.self_describing_json.SelfDescribingJson object at 0x00000187AF86CC80>, <snowplow_tracker.self_describing_json.SelfDescribingJson object at 0x0000018795763E90>, <snowplow_tracker.self_describing_json.SelfDescribingJson object at 0x00000187AF5A2C90>]}
[0m20:21:18.155878 [debug] [MainThread]: Flushing usage events
[0m20:21:19.687662 [debug] [MainThread]: An error was encountered while trying to flush usage events
[0m20:27:32.891290 [debug] [MainThread]: Sending event: {'category': 'dbt', 'action': 'invocation', 'label': 'start', 'context': [<snowplow_tracker.self_describing_json.SelfDescribingJson object at 0x0000017234EDDD30>, <snowplow_tracker.self_describing_json.SelfDescribingJson object at 0x00000172374DBD90>, <snowplow_tracker.self_describing_json.SelfDescribingJson object at 0x00000172374DBC50>]}


============================== 20:27:32.895262 | abea324a-ddd2-422b-92cf-5709a1ca70b4 ==============================
[0m20:27:32.895262 [info ] [MainThread]: Running with dbt=1.12.4
[0m20:27:32.895804 [debug] [MainThread]: running dbt with arguments {'version_check': 'True', 'no_print': 'None', 'static_parser': 'True', 'target_path': 'None', 'maximum_seed_size_mib': '1', 'warn_error_options': 'WarnErrorOptionsV2(error=[], warn=[], silence=[])', 'printer_width': '80', 'write_json': 'True', 'empty': 'None', 'log_cache_events': 'False', 'introspect': 'True', 'cache_selected_only': 'False', 'log_format': 'default', 'debug': 'False', 'fail_fast': 'False', 'profiles_dir': 'C:\\Users\\Ayush Badola\\.dbt', 'send_anonymous_usage_stats': 'True', 'quiet': 'False', 'warn_error': 'None', 'partial_parse': 'True', 'indirect_selection': 'eager', 'hints_enabled': 'True', 'invocation_command': 'dbt parse', 'use_experimental_parser': 'False', 'use_colors': 'True', 'log_path': 'C:\\7thsem\\uttarakhand-trek-intelligence\\pipeline\\dbt\\logs'}
[0m20:27:33.612631 [debug] [MainThread]: Snowflake adapter: Setting snowflake.connector to ERROR (file logging only)
[0m20:27:33.613075 [debug] [MainThread]: Snowflake adapter: Setting botocore to ERROR (file logging only)
[0m20:27:33.613337 [debug] [MainThread]: Snowflake adapter: Setting boto3 to ERROR (file logging only)
[0m20:27:33.849480 [debug] [MainThread]: Sending event: {'category': 'dbt', 'action': 'project_id', 'label': 'abea324a-ddd2-422b-92cf-5709a1ca70b4', 'context': [<snowplow_tracker.self_describing_json.SelfDescribingJson object at 0x00000172353FA9E0>]}
[0m20:27:33.904441 [debug] [MainThread]: Sending event: {'category': 'dbt', 'action': 'adapter_info', 'label': 'abea324a-ddd2-422b-92cf-5709a1ca70b4', 'context': [<snowplow_tracker.self_describing_json.SelfDescribingJson object at 0x0000017235A127A0>]}
[0m20:27:33.905880 [info ] [MainThread]: Registered adapter: snowflake=1.12.0
[0m20:27:34.203636 [debug] [MainThread]: checksum: 19eff4c7ce702b08bdb92bf312c3b132d953f93af96778c1547d783172635df9, vars: {}, profile: uttarakhand_trek, target: dev, version: 1.12.4
[0m20:27:34.295702 [debug] [MainThread]: Partial parsing enabled: 0 files deleted, 5 files added, 0 files changed.
[0m20:27:34.296164 [debug] [MainThread]: Partial parsing: added file: uttarakhand_trek://models\sources.yml
[0m20:27:34.296445 [debug] [MainThread]: Partial parsing: added file: uttarakhand_trek://models\intermediate\int_trek_weather.sql
[0m20:27:34.296682 [debug] [MainThread]: Partial parsing: added file: uttarakhand_trek://models\marts\trek_analytics.sql
[0m20:27:34.296903 [debug] [MainThread]: Partial parsing: added file: uttarakhand_trek://models\staging\stg_treks.sql
[0m20:27:34.297115 [debug] [MainThread]: Partial parsing: added file: uttarakhand_trek://models\staging\stg_weather.sql
[0m20:27:34.640447 [debug] [MainThread]: Sending event: {'category': 'dbt', 'action': 'load_project', 'label': 'abea324a-ddd2-422b-92cf-5709a1ca70b4', 'context': [<snowplow_tracker.self_describing_json.SelfDescribingJson object at 0x0000017251195F50>]}
[0m20:27:34.643972 [info ] [MainThread]: Performance info: C:\7thsem\uttarakhand-trek-intelligence\pipeline\dbt\target\perf_info.json
[0m20:27:34.713524 [debug] [MainThread]: Wrote artifact WritableManifest to C:\7thsem\uttarakhand-trek-intelligence\pipeline\dbt\target\manifest.json
[0m20:27:34.716653 [debug] [MainThread]: Wrote artifact SemanticManifest to C:\7thsem\uttarakhand-trek-intelligence\pipeline\dbt\target\semantic_manifest.json
[0m20:27:34.742520 [debug] [MainThread]: Wrote artifact OsiDocument to C:\7thsem\uttarakhand-trek-intelligence\pipeline\dbt\target\osi_document.json
[0m20:27:34.743512 [debug] [MainThread]: Command `dbt parse` succeeded at 20:27:34.743386 after 1.97 seconds
[0m20:27:34.743852 [debug] [MainThread]: Sending event: {'category': 'dbt', 'action': 'invocation', 'label': 'end', 'context': [<snowplow_tracker.self_describing_json.SelfDescribingJson object at 0x00000172507E72F0>, <snowplow_tracker.self_describing_json.SelfDescribingJson object at 0x00000172514D07D0>, <snowplow_tracker.self_describing_json.SelfDescribingJson object at 0x000001723739FE70>]}
[0m20:27:34.744224 [debug] [MainThread]: Flushing usage events
[0m20:27:36.115462 [debug] [MainThread]: An error was encountered while trying to flush usage events
[0m20:27:46.390389 [debug] [MainThread]: Sending event: {'category': 'dbt', 'action': 'invocation', 'label': 'start', 'context': [<snowplow_tracker.self_describing_json.SelfDescribingJson object at 0x0000023BF359DD30>, <snowplow_tracker.self_describing_json.SelfDescribingJson object at 0x0000023BF5BB7D90>, <snowplow_tracker.self_describing_json.SelfDescribingJson object at 0x0000023BF5BB7C50>]}


============================== 20:27:46.395193 | 563f49ac-1541-4e59-8a9c-47f5bdf26f81 ==============================
[0m20:27:46.395193 [info ] [MainThread]: Running with dbt=1.12.4
[0m20:27:46.395757 [debug] [MainThread]: running dbt with arguments {'maximum_seed_size_mib': '1', 'no_print': 'None', 'static_parser': 'True', 'target_path': 'None', 'warn_error_options': 'WarnErrorOptionsV2(error=[], warn=[], silence=[])', 'version_check': 'True', 'printer_width': '80', 'write_json': 'True', 'introspect': 'True', 'log_cache_events': 'False', 'empty': 'None', 'cache_selected_only': 'False', 'log_format': 'default', 'debug': 'False', 'fail_fast': 'False', 'profiles_dir': 'C:\\Users\\Ayush Badola\\.dbt', 'send_anonymous_usage_stats': 'True', 'quiet': 'False', 'warn_error': 'None', 'partial_parse': 'True', 'invocation_command': 'dbt ls', 'hints_enabled': 'True', 'indirect_selection': 'eager', 'use_experimental_parser': 'False', 'use_colors': 'True', 'log_path': 'C:\\7thsem\\uttarakhand-trek-intelligence\\pipeline\\dbt\\logs'}
[0m20:27:47.147635 [debug] [MainThread]: Snowflake adapter: Setting snowflake.connector to ERROR (file logging only)
[0m20:27:47.148092 [debug] [MainThread]: Snowflake adapter: Setting botocore to ERROR (file logging only)
[0m20:27:47.148384 [debug] [MainThread]: Snowflake adapter: Setting boto3 to ERROR (file logging only)
[0m20:27:47.388723 [debug] [MainThread]: Sending event: {'category': 'dbt', 'action': 'project_id', 'label': '563f49ac-1541-4e59-8a9c-47f5bdf26f81', 'context': [<snowplow_tracker.self_describing_json.SelfDescribingJson object at 0x0000023BF3AD29E0>]}
[0m20:27:47.445519 [debug] [MainThread]: Sending event: {'category': 'dbt', 'action': 'adapter_info', 'label': '563f49ac-1541-4e59-8a9c-47f5bdf26f81', 'context': [<snowplow_tracker.self_describing_json.SelfDescribingJson object at 0x0000023B8F47EF10>]}
[0m20:27:47.447163 [info ] [MainThread]: Registered adapter: snowflake=1.12.0
[0m20:27:47.753358 [debug] [MainThread]: checksum: 19eff4c7ce702b08bdb92bf312c3b132d953f93af96778c1547d783172635df9, vars: {}, profile: uttarakhand_trek, target: dev, version: 1.12.4
[0m20:27:47.873352 [debug] [MainThread]: Partial parsing enabled: 0 files deleted, 0 files added, 0 files changed.
[0m20:27:47.873713 [debug] [MainThread]: Nothing changed, skipping partial parsing.
[0m20:27:47.873939 [debug] [MainThread]: Partial parsing enabled, no changes found, skipping parsing
[0m20:27:47.881313 [debug] [MainThread]: Sending event: {'category': 'dbt', 'action': 'load_project', 'label': '563f49ac-1541-4e59-8a9c-47f5bdf26f81', 'context': [<snowplow_tracker.self_describing_json.SelfDescribingJson object at 0x0000023B8F9F5250>]}
[0m20:27:47.974139 [debug] [MainThread]: Wrote artifact WritableManifest to C:\7thsem\uttarakhand-trek-intelligence\pipeline\dbt\target\manifest.json
[0m20:27:47.977324 [debug] [MainThread]: Wrote artifact SemanticManifest to C:\7thsem\uttarakhand-trek-intelligence\pipeline\dbt\target\semantic_manifest.json
[0m20:27:48.001451 [debug] [MainThread]: Wrote artifact OsiDocument to C:\7thsem\uttarakhand-trek-intelligence\pipeline\dbt\target\osi_document.json
[0m20:27:48.023258 [debug] [MainThread]: Sending event: {'category': 'dbt', 'action': 'resource_counts', 'label': '563f49ac-1541-4e59-8a9c-47f5bdf26f81', 'context': [<snowplow_tracker.self_describing_json.SelfDescribingJson object at 0x0000023B8F8D33E0>]}
[0m20:27:48.023696 [info ] [MainThread]: Found 4 models, 2 sources, 545 macros
[0m20:27:48.024206 [debug] [MainThread]: Sending event: {'category': 'dbt', 'action': 'runnable_timing', 'label': '563f49ac-1541-4e59-8a9c-47f5bdf26f81', 'context': [<snowplow_tracker.self_describing_json.SelfDescribingJson object at 0x0000023B8FAFC910>]}
[0m20:27:48.024993 [info ] [MainThread]: uttarakhand_trek.intermediate.int_trek_weather
[0m20:27:48.025380 [info ] [MainThread]: uttarakhand_trek.staging.stg_treks
[0m20:27:48.025664 [info ] [MainThread]: uttarakhand_trek.staging.stg_weather
[0m20:27:48.025966 [info ] [MainThread]: uttarakhand_trek.marts.trek_analytics
[0m20:27:48.026296 [info ] [MainThread]: source:uttarakhand_trek.trek_analytics.TREKS_GOLD
[0m20:27:48.026549 [info ] [MainThread]: source:uttarakhand_trek.trek_analytics.WEATHER_GOLD
[0m20:27:48.027514 [debug] [MainThread]: Command `dbt ls` succeeded at 20:27:48.027405 after 1.75 seconds
[0m20:27:48.027833 [debug] [MainThread]: Sending event: {'category': 'dbt', 'action': 'invocation', 'label': 'end', 'context': [<snowplow_tracker.self_describing_json.SelfDescribingJson object at 0x0000023B8FAD5640>, <snowplow_tracker.self_describing_json.SelfDescribingJson object at 0x0000023BF58E3350>, <snowplow_tracker.self_describing_json.SelfDescribingJson object at 0x0000023B8F81E750>]}
[0m20:27:48.028119 [debug] [MainThread]: Flushing usage events
[0m20:27:49.544859 [debug] [MainThread]: An error was encountered while trying to flush usage events
[0m20:28:32.078087 [debug] [MainThread]: Sending event: {'category': 'dbt', 'action': 'invocation', 'label': 'start', 'context': [<snowplow_tracker.self_describing_json.SelfDescribingJson object at 0x000002582B69DD30>, <snowplow_tracker.self_describing_json.SelfDescribingJson object at 0x000002582DC9FD90>, <snowplow_tracker.self_describing_json.SelfDescribingJson object at 0x000002582DC9FC50>]}


============================== 20:28:32.082017 | aba9e8ce-b91e-485d-9cb9-b7f718fba44c ==============================
[0m20:28:32.082017 [info ] [MainThread]: Running with dbt=1.12.4
[0m20:28:32.082614 [debug] [MainThread]: running dbt with arguments {'maximum_seed_size_mib': '1', 'no_print': 'None', 'static_parser': 'True', 'target_path': 'None', 'version_check': 'True', 'warn_error_options': 'WarnErrorOptionsV2(error=[], warn=[], silence=[])', 'printer_width': '80', 'write_json': 'True', 'empty': 'None', 'log_cache_events': 'False', 'introspect': 'True', 'cache_selected_only': 'False', 'fail_fast': 'False', 'debug': 'False', 'log_format': 'default', 'profiles_dir': 'C:\\Users\\Ayush Badola\\.dbt', 'send_anonymous_usage_stats': 'True', 'quiet': 'False', 'warn_error': 'None', 'partial_parse': 'True', 'invocation_command': 'dbt clean', 'hints_enabled': 'True', 'use_colors': 'True', 'use_experimental_parser': 'False', 'indirect_selection': 'eager', 'log_path': 'C:\\7thsem\\uttarakhand-trek-intelligence\\pipeline\\dbt\\logs'}
[0m20:28:32.202640 [debug] [MainThread]: Sending event: {'category': 'dbt', 'action': 'project_id', 'label': 'aba9e8ce-b91e-485d-9cb9-b7f718fba44c', 'context': [<snowplow_tracker.self_describing_json.SelfDescribingJson object at 0x000002582BBBE9E0>]}
[0m20:28:32.224634 [debug] [MainThread]: Command `dbt clean` succeeded at 20:28:32.224518 after 0.25 seconds
[0m20:28:32.224960 [debug] [MainThread]: Sending event: {'category': 'dbt', 'action': 'invocation', 'label': 'end', 'context': [<snowplow_tracker.self_describing_json.SelfDescribingJson object at 0x000002582B714270>, <snowplow_tracker.self_describing_json.SelfDescribingJson object at 0x000002582DEBD480>, <snowplow_tracker.self_describing_json.SelfDescribingJson object at 0x000002582DBE8C50>]}
[0m20:28:32.225256 [debug] [MainThread]: Flushing usage events
[0m20:28:33.685826 [debug] [MainThread]: An error was encountered while trying to flush usage events
[0m20:28:36.897036 [debug] [MainThread]: Sending event: {'category': 'dbt', 'action': 'invocation', 'label': 'start', 'context': [<snowplow_tracker.self_describing_json.SelfDescribingJson object at 0x0000017B9FC9DD30>, <snowplow_tracker.self_describing_json.SelfDescribingJson object at 0x0000017BA229FD90>, <snowplow_tracker.self_describing_json.SelfDescribingJson object at 0x0000017BA229FC50>]}


============================== 20:28:36.901379 | 3e7791b8-34fb-4e40-ae76-c8239ced1175 ==============================
[0m20:28:36.901379 [info ] [MainThread]: Running with dbt=1.12.4
[0m20:28:36.901935 [debug] [MainThread]: running dbt with arguments {'static_parser': 'True', 'no_print': 'None', 'version_check': 'True', 'target_path': 'None', 'warn_error_options': 'WarnErrorOptionsV2(error=[], warn=[], silence=[])', 'maximum_seed_size_mib': '1', 'printer_width': '80', 'write_json': 'True', 'empty': 'None', 'log_cache_events': 'False', 'introspect': 'True', 'cache_selected_only': 'False', 'fail_fast': 'False', 'debug': 'False', 'log_format': 'default', 'profiles_dir': 'C:\\Users\\Ayush Badola\\.dbt', 'send_anonymous_usage_stats': 'True', 'quiet': 'False', 'warn_error': 'None', 'partial_parse': 'True', 'invocation_command': 'dbt deps', 'hints_enabled': 'True', 'indirect_selection': 'eager', 'use_experimental_parser': 'False', 'use_colors': 'True', 'log_path': 'C:\\7thsem\\uttarakhand-trek-intelligence\\pipeline\\dbt\\logs'}
[0m20:28:37.031968 [debug] [MainThread]: Sending event: {'category': 'dbt', 'action': 'project_id', 'label': '3e7791b8-34fb-4e40-ae76-c8239ced1175', 'context': [<snowplow_tracker.self_describing_json.SelfDescribingJson object at 0x0000017BA01C29E0>]}
[0m20:28:37.063064 [info ] [MainThread]: Warning: No packages were found in packages.yml
[0m20:28:37.064881 [info ] [MainThread]: Warning: No packages were found in packages.yml
[0m20:28:37.065999 [debug] [MainThread]: Command `dbt deps` succeeded at 20:28:37.065837 after 0.28 seconds
[0m20:28:37.066397 [debug] [MainThread]: Sending event: {'category': 'dbt', 'action': 'invocation', 'label': 'end', 'context': [<snowplow_tracker.self_describing_json.SelfDescribingJson object at 0x0000017B9F27CC00>, <snowplow_tracker.self_describing_json.SelfDescribingJson object at 0x0000017BA24BDAE0>, <snowplow_tracker.self_describing_json.SelfDescribingJson object at 0x0000017BA21E8B50>]}
[0m20:28:37.066788 [debug] [MainThread]: Flushing usage events
[0m20:28:39.583879 [debug] [MainThread]: An error was encountered while trying to flush usage events
[0m20:28:42.682329 [debug] [MainThread]: Sending event: {'category': 'dbt', 'action': 'invocation', 'label': 'start', 'context': [<snowplow_tracker.self_describing_json.SelfDescribingJson object at 0x0000022F5548DD30>, <snowplow_tracker.self_describing_json.SelfDescribingJson object at 0x0000022F57A8BD90>, <snowplow_tracker.self_describing_json.SelfDescribingJson object at 0x0000022F57A8BC50>]}


============================== 20:28:42.686338 | 64b41491-6cc1-4b5b-a208-5f4b3c7e7721 ==============================
[0m20:28:42.686338 [info ] [MainThread]: Running with dbt=1.12.4
[0m20:28:42.686887 [debug] [MainThread]: running dbt with arguments {'version_check': 'True', 'no_print': 'None', 'maximum_seed_size_mib': '1', 'warn_error_options': 'WarnErrorOptionsV2(error=[], warn=[], silence=[])', 'target_path': 'None', 'static_parser': 'True', 'printer_width': '80', 'write_json': 'True', 'empty': 'None', 'log_cache_events': 'False', 'introspect': 'True', 'cache_selected_only': 'False', 'log_format': 'default', 'debug': 'False', 'fail_fast': 'False', 'profiles_dir': 'C:\\Users\\Ayush Badola\\.dbt', 'send_anonymous_usage_stats': 'True', 'quiet': 'False', 'warn_error': 'None', 'partial_parse': 'True', 'invocation_command': 'dbt parse', 'hints_enabled': 'True', 'indirect_selection': 'eager', 'use_experimental_parser': 'False', 'use_colors': 'True', 'log_path': 'C:\\7thsem\\uttarakhand-trek-intelligence\\pipeline\\dbt\\logs'}
[0m20:28:43.420629 [debug] [MainThread]: Snowflake adapter: Setting snowflake.connector to ERROR (file logging only)
[0m20:28:43.421060 [debug] [MainThread]: Snowflake adapter: Setting botocore to ERROR (file logging only)
[0m20:28:43.421323 [debug] [MainThread]: Snowflake adapter: Setting boto3 to ERROR (file logging only)
[0m20:28:43.644181 [debug] [MainThread]: Sending event: {'category': 'dbt', 'action': 'project_id', 'label': '64b41491-6cc1-4b5b-a208-5f4b3c7e7721', 'context': [<snowplow_tracker.self_describing_json.SelfDescribingJson object at 0x0000022F559AE9E0>]}
[0m20:28:43.696623 [debug] [MainThread]: Sending event: {'category': 'dbt', 'action': 'adapter_info', 'label': '64b41491-6cc1-4b5b-a208-5f4b3c7e7721', 'context': [<snowplow_tracker.self_describing_json.SelfDescribingJson object at 0x0000022F55FC27A0>]}
[0m20:28:43.698189 [info ] [MainThread]: Registered adapter: snowflake=1.12.0
[0m20:28:44.000679 [debug] [MainThread]: checksum: 19eff4c7ce702b08bdb92bf312c3b132d953f93af96778c1547d783172635df9, vars: {}, profile: uttarakhand_trek, target: dev, version: 1.12.4
[0m20:28:44.001605 [info ] [MainThread]: Unable to do partial parsing because saved manifest not found. Starting full parse.
[0m20:28:44.002082 [debug] [MainThread]: Sending event: {'category': 'dbt', 'action': 'partial_parser', 'label': '64b41491-6cc1-4b5b-a208-5f4b3c7e7721', 'context': [<snowplow_tracker.self_describing_json.SelfDescribingJson object at 0x0000022F71068E50>]}
[0m20:28:45.047714 [debug] [MainThread]: Sending event: {'category': 'dbt', 'action': 'load_project', 'label': '64b41491-6cc1-4b5b-a208-5f4b3c7e7721', 'context': [<snowplow_tracker.self_describing_json.SelfDescribingJson object at 0x0000022F57A68050>]}
[0m20:28:45.051566 [info ] [MainThread]: Performance info: C:\7thsem\uttarakhand-trek-intelligence\pipeline\dbt\target\perf_info.json
[0m20:28:45.122279 [debug] [MainThread]: Wrote artifact WritableManifest to C:\7thsem\uttarakhand-trek-intelligence\pipeline\dbt\target\manifest.json
[0m20:28:45.125392 [debug] [MainThread]: Wrote artifact SemanticManifest to C:\7thsem\uttarakhand-trek-intelligence\pipeline\dbt\target\semantic_manifest.json
[0m20:28:45.150544 [debug] [MainThread]: Wrote artifact OsiDocument to C:\7thsem\uttarakhand-trek-intelligence\pipeline\dbt\target\osi_document.json
[0m20:28:45.151468 [debug] [MainThread]: Command `dbt parse` succeeded at 20:28:45.151345 after 2.58 seconds
[0m20:28:45.151795 [debug] [MainThread]: Sending event: {'category': 'dbt', 'action': 'invocation', 'label': 'end', 'context': [<snowplow_tracker.self_describing_json.SelfDescribingJson object at 0x0000022F5794FE70>, <snowplow_tracker.self_describing_json.SelfDescribingJson object at 0x0000022F7139F230>, <snowplow_tracker.self_describing_json.SelfDescribingJson object at 0x0000022F71764050>]}
[0m20:28:45.152091 [debug] [MainThread]: Flushing usage events
[0m20:28:46.541787 [debug] [MainThread]: An error was encountered while trying to flush usage events
[0m20:28:49.833083 [debug] [MainThread]: Sending event: {'category': 'dbt', 'action': 'invocation', 'label': 'start', 'context': [<snowplow_tracker.self_describing_json.SelfDescribingJson object at 0x0000017E7CADDD30>, <snowplow_tracker.self_describing_json.SelfDescribingJson object at 0x0000017E7F0E7D90>, <snowplow_tracker.self_describing_json.SelfDescribingJson object at 0x0000017E7F0E7C50>]}


============================== 20:28:49.836979 | 46a56687-a07d-4982-b9b7-3272b95af0ee ==============================
[0m20:28:49.836979 [info ] [MainThread]: Running with dbt=1.12.4
[0m20:28:49.837592 [debug] [MainThread]: running dbt with arguments {'maximum_seed_size_mib': '1', 'no_print': 'None', 'version_check': 'True', 'target_path': 'None', 'static_parser': 'True', 'warn_error_options': 'WarnErrorOptionsV2(error=[], warn=[], silence=[])', 'printer_width': '80', 'write_json': 'True', 'introspect': 'True', 'log_cache_events': 'False', 'empty': 'None', 'cache_selected_only': 'False', 'log_format': 'default', 'debug': 'False', 'fail_fast': 'False', 'partial_parse': 'True', 'send_anonymous_usage_stats': 'True', 'quiet': 'False', 'warn_error': 'None', 'profiles_dir': 'C:\\Users\\Ayush Badola\\.dbt', 'indirect_selection': 'eager', 'hints_enabled': 'True', 'use_colors': 'True', 'use_experimental_parser': 'False', 'invocation_command': 'dbt ls', 'log_path': 'C:\\7thsem\\uttarakhand-trek-intelligence\\pipeline\\dbt\\logs'}
[0m20:28:50.570200 [debug] [MainThread]: Snowflake adapter: Setting snowflake.connector to ERROR (file logging only)
[0m20:28:50.570656 [debug] [MainThread]: Snowflake adapter: Setting botocore to ERROR (file logging only)
[0m20:28:50.570933 [debug] [MainThread]: Snowflake adapter: Setting boto3 to ERROR (file logging only)
[0m20:28:50.806973 [debug] [MainThread]: Sending event: {'category': 'dbt', 'action': 'project_id', 'label': '46a56687-a07d-4982-b9b7-3272b95af0ee', 'context': [<snowplow_tracker.self_describing_json.SelfDescribingJson object at 0x0000017E7CFFE9E0>]}
[0m20:28:50.859031 [debug] [MainThread]: Sending event: {'category': 'dbt', 'action': 'adapter_info', 'label': '46a56687-a07d-4982-b9b7-3272b95af0ee', 'context': [<snowplow_tracker.self_describing_json.SelfDescribingJson object at 0x0000017E1897EF10>]}
[0m20:28:50.860541 [info ] [MainThread]: Registered adapter: snowflake=1.12.0
[0m20:28:51.173613 [debug] [MainThread]: checksum: 19eff4c7ce702b08bdb92bf312c3b132d953f93af96778c1547d783172635df9, vars: {}, profile: uttarakhand_trek, target: dev, version: 1.12.4
[0m20:28:51.290959 [debug] [MainThread]: Partial parsing enabled: 0 files deleted, 0 files added, 0 files changed.
[0m20:28:51.291304 [debug] [MainThread]: Nothing changed, skipping partial parsing.
[0m20:28:51.291518 [debug] [MainThread]: Partial parsing enabled, no changes found, skipping parsing
[0m20:28:51.298845 [debug] [MainThread]: Sending event: {'category': 'dbt', 'action': 'load_project', 'label': '46a56687-a07d-4982-b9b7-3272b95af0ee', 'context': [<snowplow_tracker.self_describing_json.SelfDescribingJson object at 0x0000017E18F1D250>]}
[0m20:28:51.391702 [debug] [MainThread]: Wrote artifact WritableManifest to C:\7thsem\uttarakhand-trek-intelligence\pipeline\dbt\target\manifest.json
[0m20:28:51.394949 [debug] [MainThread]: Wrote artifact SemanticManifest to C:\7thsem\uttarakhand-trek-intelligence\pipeline\dbt\target\semantic_manifest.json
[0m20:28:51.418958 [debug] [MainThread]: Wrote artifact OsiDocument to C:\7thsem\uttarakhand-trek-intelligence\pipeline\dbt\target\osi_document.json
[0m20:28:51.440133 [debug] [MainThread]: Sending event: {'category': 'dbt', 'action': 'resource_counts', 'label': '46a56687-a07d-4982-b9b7-3272b95af0ee', 'context': [<snowplow_tracker.self_describing_json.SelfDescribingJson object at 0x0000017E18DCF3E0>]}
[0m20:28:51.440575 [info ] [MainThread]: Found 4 models, 2 sources, 545 macros
[0m20:28:51.440954 [debug] [MainThread]: Sending event: {'category': 'dbt', 'action': 'runnable_timing', 'label': '46a56687-a07d-4982-b9b7-3272b95af0ee', 'context': [<snowplow_tracker.self_describing_json.SelfDescribingJson object at 0x0000017E18FEC910>]}
[0m20:28:51.441645 [info ] [MainThread]: uttarakhand_trek.intermediate.int_trek_weather
[0m20:28:51.441968 [info ] [MainThread]: uttarakhand_trek.staging.stg_treks
[0m20:28:51.442258 [info ] [MainThread]: uttarakhand_trek.staging.stg_weather
[0m20:28:51.442516 [info ] [MainThread]: uttarakhand_trek.marts.trek_analytics
[0m20:28:51.442761 [info ] [MainThread]: source:uttarakhand_trek.trek_analytics.TREKS_GOLD
[0m20:28:51.443100 [info ] [MainThread]: source:uttarakhand_trek.trek_analytics.WEATHER_GOLD
[0m20:28:51.444097 [debug] [MainThread]: Command `dbt ls` succeeded at 20:28:51.443990 after 1.73 seconds
[0m20:28:51.444413 [debug] [MainThread]: Sending event: {'category': 'dbt', 'action': 'invocation', 'label': 'end', 'context': [<snowplow_tracker.self_describing_json.SelfDescribingJson object at 0x0000017E18FC5640>, <snowplow_tracker.self_describing_json.SelfDescribingJson object at 0x0000017E7EE13350>, <snowplow_tracker.self_describing_json.SelfDescribingJson object at 0x0000017E18E1A750>]}
[0m20:28:51.444693 [debug] [MainThread]: Flushing usage events
[0m20:28:54.022407 [debug] [MainThread]: An error was encountered while trying to flush usage events
[0m20:28:57.219635 [debug] [MainThread]: Sending event: {'category': 'dbt', 'action': 'invocation', 'label': 'start', 'context': [<snowplow_tracker.self_describing_json.SelfDescribingJson object at 0x00000230FCB0DD30>, <snowplow_tracker.self_describing_json.SelfDescribingJson object at 0x00000230FF15BED0>, <snowplow_tracker.self_describing_json.SelfDescribingJson object at 0x00000230FF15BD90>]}


============================== 20:28:57.223710 | 75d74eb3-a612-4f37-938b-f14af3491a2f ==============================
[0m20:28:57.223710 [info ] [MainThread]: Running with dbt=1.12.4
[0m20:28:57.224338 [debug] [MainThread]: running dbt with arguments {'version_check': 'True', 'no_print': 'None', 'maximum_seed_size_mib': '1', 'warn_error_options': 'WarnErrorOptionsV2(error=[], warn=[], silence=[])', 'target_path': 'None', 'static_parser': 'True', 'printer_width': '80', 'write_json': 'True', 'empty': 'False', 'log_cache_events': 'False', 'introspect': 'True', 'cache_selected_only': 'False', 'log_format': 'default', 'debug': 'False', 'fail_fast': 'False', 'profiles_dir': 'C:\\Users\\Ayush Badola\\.dbt', 'send_anonymous_usage_stats': 'True', 'quiet': 'False', 'warn_error': 'None', 'partial_parse': 'True', 'use_colors': 'True', 'hints_enabled': 'True', 'invocation_command': 'dbt run', 'use_experimental_parser': 'False', 'indirect_selection': 'eager', 'log_path': 'C:\\7thsem\\uttarakhand-trek-intelligence\\pipeline\\dbt\\logs'}
[0m20:28:58.005707 [debug] [MainThread]: Snowflake adapter: Setting snowflake.connector to ERROR (file logging only)
[0m20:28:58.006175 [debug] [MainThread]: Snowflake adapter: Setting botocore to ERROR (file logging only)
[0m20:28:58.006458 [debug] [MainThread]: Snowflake adapter: Setting boto3 to ERROR (file logging only)
[0m20:28:58.273821 [debug] [MainThread]: Sending event: {'category': 'dbt', 'action': 'project_id', 'label': '75d74eb3-a612-4f37-938b-f14af3491a2f', 'context': [<snowplow_tracker.self_describing_json.SelfDescribingJson object at 0x00000230FD02E9E0>]}
[0m20:28:58.338847 [debug] [MainThread]: Sending event: {'category': 'dbt', 'action': 'adapter_info', 'label': '75d74eb3-a612-4f37-938b-f14af3491a2f', 'context': [<snowplow_tracker.self_describing_json.SelfDescribingJson object at 0x00000230FD6427A0>]}
[0m20:28:58.340428 [info ] [MainThread]: Registered adapter: snowflake=1.12.0
[0m20:28:58.681585 [debug] [MainThread]: checksum: 19eff4c7ce702b08bdb92bf312c3b132d953f93af96778c1547d783172635df9, vars: {}, profile: uttarakhand_trek, target: dev, version: 1.12.4
[0m20:28:58.803660 [debug] [MainThread]: Partial parsing enabled: 0 files deleted, 0 files added, 0 files changed.
[0m20:28:58.804045 [debug] [MainThread]: Nothing changed, skipping partial parsing.
[0m20:28:58.804279 [debug] [MainThread]: Partial parsing enabled, no changes found, skipping parsing
[0m20:28:58.812312 [debug] [MainThread]: Sending event: {'category': 'dbt', 'action': 'load_project', 'label': '75d74eb3-a612-4f37-938b-f14af3491a2f', 'context': [<snowplow_tracker.self_describing_json.SelfDescribingJson object at 0x0000023098DC6E50>]}
[0m20:28:58.913187 [debug] [MainThread]: Wrote artifact WritableManifest to C:\7thsem\uttarakhand-trek-intelligence\pipeline\dbt\target\manifest.json
[0m20:28:58.916746 [debug] [MainThread]: Wrote artifact SemanticManifest to C:\7thsem\uttarakhand-trek-intelligence\pipeline\dbt\target\semantic_manifest.json
[0m20:28:58.942729 [debug] [MainThread]: Wrote artifact OsiDocument to C:\7thsem\uttarakhand-trek-intelligence\pipeline\dbt\target\osi_document.json
[0m20:28:58.955387 [debug] [MainThread]: Sending event: {'category': 'dbt', 'action': 'resource_counts', 'label': '75d74eb3-a612-4f37-938b-f14af3491a2f', 'context': [<snowplow_tracker.self_describing_json.SelfDescribingJson object at 0x0000023098DEAA80>]}
[0m20:28:58.955831 [info ] [MainThread]: Found 4 models, 2 sources, 545 macros
[0m20:28:58.956224 [debug] [MainThread]: Sending event: {'category': 'dbt', 'action': 'runnable_timing', 'label': '75d74eb3-a612-4f37-938b-f14af3491a2f', 'context': [<snowplow_tracker.self_describing_json.SelfDescribingJson object at 0x0000023098FCCE50>]}
[0m20:28:58.957771 [info ] [MainThread]: 
[0m20:28:58.958171 [info ] [MainThread]: Concurrency: 4 threads (target='dev')
[0m20:28:58.958556 [info ] [MainThread]: 
[0m20:28:58.959064 [debug] [MainThread]: Acquiring new snowflake connection 'master'
[0m20:28:58.963235 [debug] [ThreadPool]: Acquiring new snowflake connection 'list_UTTARAKHAND_TREK_DB'
[0m20:28:58.976936 [debug] [ThreadPool]: Using snowflake connection "list_UTTARAKHAND_TREK_DB"
[0m20:28:58.977335 [debug] [ThreadPool]: On list_UTTARAKHAND_TREK_DB: show terse schemas in database UTTARAKHAND_TREK_DB
    limit 10000
/* {"app": "dbt", "dbt_version": "1.12.4", "profile_name": "uttarakhand_trek", "target_name": "dev", "connection_name": "list_UTTARAKHAND_TREK_DB"} */
[0m20:28:58.977638 [debug] [ThreadPool]: Opening a new connection, currently in state init
[0m20:29:00.107370 [debug] [ThreadPool]: SQL status: SUCCESS 3 in 1.130 seconds
[0m20:29:00.109762 [debug] [ThreadPool]: Acquiring new snowflake connection 'list_UTTARAKHAND_TREK_DB_TREK_ANALYTICS'
[0m20:29:00.119337 [debug] [ThreadPool]: Using snowflake connection "list_UTTARAKHAND_TREK_DB_TREK_ANALYTICS"
[0m20:29:00.119878 [debug] [ThreadPool]: On list_UTTARAKHAND_TREK_DB_TREK_ANALYTICS: show objects in UTTARAKHAND_TREK_DB.TREK_ANALYTICS
    limit 10000
    

/* {"app": "dbt", "dbt_version": "1.12.4", "profile_name": "uttarakhand_trek", "target_name": "dev", "connection_name": "list_UTTARAKHAND_TREK_DB_TREK_ANALYTICS"} */;
[0m20:29:00.120284 [debug] [ThreadPool]: Opening a new connection, currently in state init
[0m20:29:00.910561 [debug] [ThreadPool]: SQL status: SUCCESS 2 in 0.790 seconds
[0m20:29:00.916760 [debug] [ThreadPool]: Using snowflake connection "list_UTTARAKHAND_TREK_DB_TREK_ANALYTICS"
[0m20:29:00.917046 [debug] [ThreadPool]: On list_UTTARAKHAND_TREK_DB_TREK_ANALYTICS: show user functions in UTTARAKHAND_TREK_DB.TREK_ANALYTICS
/* {"app": "dbt", "dbt_version": "1.12.4", "profile_name": "uttarakhand_trek", "target_name": "dev", "connection_name": "list_UTTARAKHAND_TREK_DB_TREK_ANALYTICS"} */
[0m20:29:01.067217 [debug] [ThreadPool]: SQL status: SUCCESS 0 in 0.150 seconds
[0m20:29:01.070279 [debug] [MainThread]: Sending event: {'category': 'dbt', 'action': 'runnable_timing', 'label': '75d74eb3-a612-4f37-938b-f14af3491a2f', 'context': [<snowplow_tracker.self_describing_json.SelfDescribingJson object at 0x0000023098E4B860>]}
[0m20:29:01.100096 [debug] [Thread-2 (]: Began running node model.uttarakhand_trek.stg_treks
[0m20:29:01.100927 [debug] [Thread-3 (]: Began running node model.uttarakhand_trek.stg_weather
[0m20:29:01.100629 [info ] [Thread-2 (]: 1 of 2 START sql view model TREK_ANALYTICS.stg_treks ........................... [RUN]
[0m20:29:01.101862 [debug] [Thread-2 (]: Acquiring new snowflake connection 'model.uttarakhand_trek.stg_treks'
[0m20:29:01.102153 [debug] [Thread-2 (]: Began compiling node model.uttarakhand_trek.stg_treks
[0m20:29:01.106948 [debug] [Thread-2 (]: Writing injected SQL for node "model.uttarakhand_trek.stg_treks"
[0m20:29:01.101433 [info ] [Thread-3 (]: 2 of 2 START sql view model TREK_ANALYTICS.stg_weather ......................... [RUN]
[0m20:29:01.107586 [debug] [Thread-3 (]: Acquiring new snowflake connection 'model.uttarakhand_trek.stg_weather'
[0m20:29:01.107865 [debug] [Thread-3 (]: Began compiling node model.uttarakhand_trek.stg_weather
[0m20:29:01.109301 [debug] [Thread-3 (]: Writing injected SQL for node "model.uttarakhand_trek.stg_weather"
[0m20:29:01.112165 [debug] [Thread-3 (]: Began executing node model.uttarakhand_trek.stg_weather
[0m20:29:01.130101 [debug] [Thread-2 (]: Began executing node model.uttarakhand_trek.stg_treks
[0m20:29:01.138483 [debug] [Thread-3 (]: Writing runtime sql for node "model.uttarakhand_trek.stg_weather"
[0m20:29:01.140527 [debug] [Thread-2 (]: Writing runtime sql for node "model.uttarakhand_trek.stg_treks"
[0m20:29:01.144138 [debug] [Thread-3 (]: Using snowflake connection "model.uttarakhand_trek.stg_weather"
[0m20:29:01.144738 [debug] [Thread-2 (]: Using snowflake connection "model.uttarakhand_trek.stg_treks"
[0m20:29:01.145091 [debug] [Thread-3 (]: On model.uttarakhand_trek.stg_weather: create or replace   view UTTARAKHAND_TREK_DB.TREK_ANALYTICS.stg_weather
  
  
  
  
  as (
    

SELECT *
FROM UTTARAKHAND_TREK_DB.TREK_ANALYTICS.WEATHER_GOLD
  )
/* {"app": "dbt", "dbt_version": "1.12.4", "profile_name": "uttarakhand_trek", "target_name": "dev", "node_id": "model.uttarakhand_trek.stg_weather"} */;
[0m20:29:01.145453 [debug] [Thread-2 (]: On model.uttarakhand_trek.stg_treks: create or replace   view UTTARAKHAND_TREK_DB.TREK_ANALYTICS.stg_treks
  
  
  
  
  as (
    

SELECT *
FROM UTTARAKHAND_TREK_DB.TREK_ANALYTICS.TREKS_GOLD
  )
/* {"app": "dbt", "dbt_version": "1.12.4", "profile_name": "uttarakhand_trek", "target_name": "dev", "node_id": "model.uttarakhand_trek.stg_treks"} */;
[0m20:29:01.145845 [debug] [Thread-3 (]: Opening a new connection, currently in state init
[0m20:29:01.146197 [debug] [Thread-2 (]: Opening a new connection, currently in state init
[0m20:29:01.888289 [debug] [Thread-2 (]: SQL status: SUCCESS 1 in 0.742 seconds
[0m20:29:01.909244 [debug] [Thread-3 (]: SQL status: SUCCESS 1 in 0.763 seconds
[0m20:29:01.912250 [debug] [Thread-2 (]: Sending event: {'category': 'dbt', 'action': 'run_model', 'label': '75d74eb3-a612-4f37-938b-f14af3491a2f', 'context': [<snowplow_tracker.self_describing_json.SelfDescribingJson object at 0x0000023099057410>]}
[0m20:29:01.913351 [debug] [Thread-3 (]: Sending event: {'category': 'dbt', 'action': 'run_model', 'label': '75d74eb3-a612-4f37-938b-f14af3491a2f', 'context': [<snowplow_tracker.self_describing_json.SelfDescribingJson object at 0x00000230991862B0>]}
[0m20:29:01.912990 [info ] [Thread-2 (]: 1 of 2 OK created sql view model TREK_ANALYTICS.stg_treks ...................... [[32mSUCCESS 1[0m in 0.81s]
[0m20:29:01.914045 [info ] [Thread-3 (]: 2 of 2 OK created sql view model TREK_ANALYTICS.stg_weather .................... [[32mSUCCESS 1[0m in 0.80s]
[0m20:29:01.914654 [debug] [Thread-2 (]: Finished running node model.uttarakhand_trek.stg_treks
[0m20:29:01.915125 [debug] [Thread-3 (]: Finished running node model.uttarakhand_trek.stg_weather
[0m20:29:01.916546 [debug] [MainThread]: Connection 'master' was properly closed.
[0m20:29:01.916841 [debug] [MainThread]: Connection 'list_UTTARAKHAND_TREK_DB' was left open.
[0m20:29:01.917096 [debug] [MainThread]: On list_UTTARAKHAND_TREK_DB: Close
[0m20:29:02.157165 [debug] [MainThread]: Connection 'list_UTTARAKHAND_TREK_DB_TREK_ANALYTICS' was left open.
[0m20:29:02.157686 [debug] [MainThread]: On list_UTTARAKHAND_TREK_DB_TREK_ANALYTICS: Close
[0m20:29:02.386637 [debug] [MainThread]: Connection 'model.uttarakhand_trek.stg_treks' was left open.
[0m20:29:02.387163 [debug] [MainThread]: On model.uttarakhand_trek.stg_treks: Close
[0m20:29:02.622387 [debug] [MainThread]: Connection 'model.uttarakhand_trek.stg_weather' was left open.
[0m20:29:02.622755 [debug] [MainThread]: On model.uttarakhand_trek.stg_weather: Close
[0m20:29:02.838114 [info ] [MainThread]: 
[0m20:29:02.838599 [info ] [MainThread]: Finished running 2 view models in 0 hours 0 minutes and 3.88 seconds (3.88s).
[0m20:29:02.839390 [debug] [MainThread]: Command end result
[0m20:29:02.867163 [debug] [MainThread]: Wrote artifact WritableManifest to C:\7thsem\uttarakhand-trek-intelligence\pipeline\dbt\target\manifest.json
[0m20:29:02.871316 [debug] [MainThread]: Wrote artifact SemanticManifest to C:\7thsem\uttarakhand-trek-intelligence\pipeline\dbt\target\semantic_manifest.json
[0m20:29:02.874857 [debug] [MainThread]: Wrote artifact OsiDocument to C:\7thsem\uttarakhand-trek-intelligence\pipeline\dbt\target\osi_document.json
[0m20:29:02.881409 [debug] [MainThread]: Wrote artifact RunExecutionResult to C:\7thsem\uttarakhand-trek-intelligence\pipeline\dbt\target\run_results.json
[0m20:29:02.881734 [info ] [MainThread]: 
[0m20:29:02.882255 [info ] [MainThread]: [32mCompleted successfully[0m
[0m20:29:02.882798 [info ] [MainThread]: 
[0m20:29:02.883298 [info ] [MainThread]: Done. PASS=2 WARN=0 ERROR=0 SKIP=0 NO-OP=0 REUSED=0 TOTAL=2
[0m20:29:02.884499 [debug] [MainThread]: Command `dbt run` succeeded at 20:29:02.884377 after 5.78 seconds
[0m20:29:02.884829 [debug] [MainThread]: Sending event: {'category': 'dbt', 'action': 'invocation', 'label': 'end', 'context': [<snowplow_tracker.self_describing_json.SelfDescribingJson object at 0x00000230991A18B0>, <snowplow_tracker.self_describing_json.SelfDescribingJson object at 0x0000023098FEDAC0>, <snowplow_tracker.self_describing_json.SelfDescribingJson object at 0x0000023098F07E50>]}
[0m20:29:02.885125 [debug] [MainThread]: Flushing usage events
[0m20:29:04.670661 [debug] [MainThread]: An error was encountered while trying to flush usage events
[0m20:29:07.942100 [debug] [MainThread]: Sending event: {'category': 'dbt', 'action': 'invocation', 'label': 'start', 'context': [<snowplow_tracker.self_describing_json.SelfDescribingJson object at 0x000001A25FD9DD30>, <snowplow_tracker.self_describing_json.SelfDescribingJson object at 0x000001A2623E7ED0>, <snowplow_tracker.self_describing_json.SelfDescribingJson object at 0x000001A2623E7D90>]}


============================== 20:29:07.946053 | d4ecbabd-0504-454f-bbf1-75d1c6ba22b1 ==============================
[0m20:29:07.946053 [info ] [MainThread]: Running with dbt=1.12.4
[0m20:29:07.946592 [debug] [MainThread]: running dbt with arguments {'static_parser': 'True', 'no_print': 'None', 'version_check': 'True', 'warn_error_options': 'WarnErrorOptionsV2(error=[], warn=[], silence=[])', 'maximum_seed_size_mib': '1', 'target_path': 'None', 'printer_width': '80', 'write_json': 'True', 'introspect': 'True', 'log_cache_events': 'False', 'empty': 'None', 'cache_selected_only': 'False', 'fail_fast': 'False', 'debug': 'False', 'log_format': 'default', 'partial_parse': 'True', 'send_anonymous_usage_stats': 'True', 'quiet': 'False', 'warn_error': 'None', 'profiles_dir': 'C:\\Users\\Ayush Badola\\.dbt', 'use_colors': 'True', 'hints_enabled': 'True', 'indirect_selection': 'eager', 'use_experimental_parser': 'False', 'invocation_command': 'dbt test', 'log_path': 'C:\\7thsem\\uttarakhand-trek-intelligence\\pipeline\\dbt\\logs'}
[0m20:29:08.718454 [debug] [MainThread]: Snowflake adapter: Setting snowflake.connector to ERROR (file logging only)
[0m20:29:08.718906 [debug] [MainThread]: Snowflake adapter: Setting botocore to ERROR (file logging only)
[0m20:29:08.719172 [debug] [MainThread]: Snowflake adapter: Setting boto3 to ERROR (file logging only)
[0m20:29:08.959972 [debug] [MainThread]: Sending event: {'category': 'dbt', 'action': 'project_id', 'label': 'd4ecbabd-0504-454f-bbf1-75d1c6ba22b1', 'context': [<snowplow_tracker.self_describing_json.SelfDescribingJson object at 0x000001A2602BE9E0>]}
[0m20:29:09.017323 [debug] [MainThread]: Sending event: {'category': 'dbt', 'action': 'adapter_info', 'label': 'd4ecbabd-0504-454f-bbf1-75d1c6ba22b1', 'context': [<snowplow_tracker.self_describing_json.SelfDescribingJson object at 0x000001A2608D27A0>]}
[0m20:29:09.019126 [info ] [MainThread]: Registered adapter: snowflake=1.12.0
[0m20:29:09.336434 [debug] [MainThread]: checksum: 19eff4c7ce702b08bdb92bf312c3b132d953f93af96778c1547d783172635df9, vars: {}, profile: uttarakhand_trek, target: dev, version: 1.12.4
[0m20:29:09.452845 [debug] [MainThread]: Partial parsing enabled: 0 files deleted, 0 files added, 0 files changed.
[0m20:29:09.453198 [debug] [MainThread]: Nothing changed, skipping partial parsing.
[0m20:29:09.453411 [debug] [MainThread]: Partial parsing enabled, no changes found, skipping parsing
[0m20:29:09.461069 [debug] [MainThread]: Sending event: {'category': 'dbt', 'action': 'load_project', 'label': 'd4ecbabd-0504-454f-bbf1-75d1c6ba22b1', 'context': [<snowplow_tracker.self_describing_json.SelfDescribingJson object at 0x000001A27BF56E50>]}
[0m20:29:09.557676 [debug] [MainThread]: Wrote artifact WritableManifest to C:\7thsem\uttarakhand-trek-intelligence\pipeline\dbt\target\manifest.json
[0m20:29:09.560860 [debug] [MainThread]: Wrote artifact SemanticManifest to C:\7thsem\uttarakhand-trek-intelligence\pipeline\dbt\target\semantic_manifest.json
[0m20:29:09.586259 [debug] [MainThread]: Wrote artifact OsiDocument to C:\7thsem\uttarakhand-trek-intelligence\pipeline\dbt\target\osi_document.json
[0m20:29:09.608033 [debug] [MainThread]: Sending event: {'category': 'dbt', 'action': 'resource_counts', 'label': 'd4ecbabd-0504-454f-bbf1-75d1c6ba22b1', 'context': [<snowplow_tracker.self_describing_json.SelfDescribingJson object at 0x000001A27C1CE120>]}
[0m20:29:09.608485 [info ] [MainThread]: Found 4 models, 2 sources, 545 macros
[0m20:29:09.608866 [debug] [MainThread]: Sending event: {'category': 'dbt', 'action': 'runnable_timing', 'label': 'd4ecbabd-0504-454f-bbf1-75d1c6ba22b1', 'context': [<snowplow_tracker.self_describing_json.SelfDescribingJson object at 0x000001A27C2212B0>]}
[0m20:29:09.610317 [warn ] [MainThread]: [[33mWARNING[0m]: Nothing to do. Try checking your model configs and model specification args
[0m20:29:09.612607 [debug] [MainThread]: Command end result
[0m20:29:09.640198 [debug] [MainThread]: Wrote artifact WritableManifest to C:\7thsem\uttarakhand-trek-intelligence\pipeline\dbt\target\manifest.json
[0m20:29:09.643410 [debug] [MainThread]: Wrote artifact SemanticManifest to C:\7thsem\uttarakhand-trek-intelligence\pipeline\dbt\target\semantic_manifest.json
[0m20:29:09.646627 [debug] [MainThread]: Wrote artifact OsiDocument to C:\7thsem\uttarakhand-trek-intelligence\pipeline\dbt\target\osi_document.json
[0m20:29:09.650099 [debug] [MainThread]: Wrote artifact RunExecutionResult to C:\7thsem\uttarakhand-trek-intelligence\pipeline\dbt\target\run_results.json
[0m20:29:09.651064 [debug] [MainThread]: Command `dbt test` succeeded at 20:29:09.650948 after 1.82 seconds
[0m20:29:09.651384 [debug] [MainThread]: Sending event: {'category': 'dbt', 'action': 'invocation', 'label': 'end', 'context': [<snowplow_tracker.self_describing_json.SelfDescribingJson object at 0x000001A27BFB6F70>, <snowplow_tracker.self_describing_json.SelfDescribingJson object at 0x000001A2620D3E90>, <snowplow_tracker.self_describing_json.SelfDescribingJson object at 0x000001A27C1B4650>]}
[0m20:29:09.651678 [debug] [MainThread]: Flushing usage events
[0m20:29:11.142711 [debug] [MainThread]: An error was encountered while trying to flush usage events
[0m21:17:37.247098 [debug] [MainThread]: Sending event: {'category': 'dbt', 'action': 'invocation', 'label': 'start', 'context': [<snowplow_tracker.self_describing_json.SelfDescribingJson object at 0x000002086D7FDD30>, <snowplow_tracker.self_describing_json.SelfDescribingJson object at 0x000002086FE47ED0>, <snowplow_tracker.self_describing_json.SelfDescribingJson object at 0x000002086FE47D90>]}


============================== 21:17:37.251175 | 9a25d1a8-a963-492e-9c77-3aba30970ab3 ==============================
[0m21:17:37.251175 [info ] [MainThread]: Running with dbt=1.12.4
[0m21:17:37.251821 [debug] [MainThread]: running dbt with arguments {'maximum_seed_size_mib': '1', 'no_print': 'None', 'static_parser': 'True', 'warn_error_options': 'WarnErrorOptionsV2(error=[], warn=[], silence=[])', 'target_path': 'None', 'version_check': 'True', 'printer_width': '80', 'write_json': 'True', 'introspect': 'True', 'log_cache_events': 'False', 'empty': 'False', 'cache_selected_only': 'False', 'fail_fast': 'False', 'debug': 'False', 'log_format': 'default', 'partial_parse': 'True', 'send_anonymous_usage_stats': 'True', 'quiet': 'False', 'warn_error': 'None', 'profiles_dir': 'C:\\Users\\Ayush Badola\\.dbt', 'use_colors': 'True', 'hints_enabled': 'True', 'indirect_selection': 'eager', 'use_experimental_parser': 'False', 'invocation_command': 'dbt run', 'log_path': 'C:\\7thsem\\uttarakhand-trek-intelligence\\pipeline\\dbt\\logs'}
[0m21:17:37.979086 [debug] [MainThread]: Snowflake adapter: Setting snowflake.connector to ERROR (file logging only)
[0m21:17:37.979515 [debug] [MainThread]: Snowflake adapter: Setting botocore to ERROR (file logging only)
[0m21:17:37.979777 [debug] [MainThread]: Snowflake adapter: Setting boto3 to ERROR (file logging only)
[0m21:17:38.212249 [debug] [MainThread]: Sending event: {'category': 'dbt', 'action': 'project_id', 'label': '9a25d1a8-a963-492e-9c77-3aba30970ab3', 'context': [<snowplow_tracker.self_describing_json.SelfDescribingJson object at 0x000002086DD1A9E0>]}
[0m21:17:38.265917 [debug] [MainThread]: Sending event: {'category': 'dbt', 'action': 'adapter_info', 'label': '9a25d1a8-a963-492e-9c77-3aba30970ab3', 'context': [<snowplow_tracker.self_describing_json.SelfDescribingJson object at 0x000002086E3327A0>]}
[0m21:17:38.267461 [info ] [MainThread]: Registered adapter: snowflake=1.12.0
[0m21:17:38.605264 [debug] [MainThread]: checksum: 19eff4c7ce702b08bdb92bf312c3b132d953f93af96778c1547d783172635df9, vars: {}, profile: uttarakhand_trek, target: dev, version: 1.12.4
[0m21:17:38.728970 [debug] [MainThread]: Partial parsing enabled: 0 files deleted, 0 files added, 2 files changed.
[0m21:17:38.729519 [debug] [MainThread]: Partial parsing: updated file: uttarakhand_trek://models\intermediate\int_trek_weather.sql
[0m21:17:38.729848 [debug] [MainThread]: Partial parsing: updated file: uttarakhand_trek://models\marts\trek_analytics.sql
[0m21:17:38.987839 [debug] [MainThread]: Sending event: {'category': 'dbt', 'action': 'load_project', 'label': '9a25d1a8-a963-492e-9c77-3aba30970ab3', 'context': [<snowplow_tracker.self_describing_json.SelfDescribingJson object at 0x0000020809A45E50>]}
[0m21:17:39.068406 [debug] [MainThread]: Wrote artifact WritableManifest to C:\7thsem\uttarakhand-trek-intelligence\pipeline\dbt\target\manifest.json
[0m21:17:39.071929 [debug] [MainThread]: Wrote artifact SemanticManifest to C:\7thsem\uttarakhand-trek-intelligence\pipeline\dbt\target\semantic_manifest.json
[0m21:17:39.097319 [debug] [MainThread]: Wrote artifact OsiDocument to C:\7thsem\uttarakhand-trek-intelligence\pipeline\dbt\target\osi_document.json
[0m21:17:39.109288 [debug] [MainThread]: Sending event: {'category': 'dbt', 'action': 'resource_counts', 'label': '9a25d1a8-a963-492e-9c77-3aba30970ab3', 'context': [<snowplow_tracker.self_describing_json.SelfDescribingJson object at 0x0000020809B076B0>]}
[0m21:17:39.109834 [info ] [MainThread]: Found 4 models, 2 sources, 545 macros
[0m21:17:39.110367 [debug] [MainThread]: Sending event: {'category': 'dbt', 'action': 'runnable_timing', 'label': '9a25d1a8-a963-492e-9c77-3aba30970ab3', 'context': [<snowplow_tracker.self_describing_json.SelfDescribingJson object at 0x0000020809DFE270>]}
[0m21:17:39.112038 [info ] [MainThread]: 
[0m21:17:39.112410 [info ] [MainThread]: Concurrency: 4 threads (target='dev')
[0m21:17:39.112725 [info ] [MainThread]: 
[0m21:17:39.113312 [debug] [MainThread]: Acquiring new snowflake connection 'master'
[0m21:17:39.117313 [debug] [ThreadPool]: Acquiring new snowflake connection 'list_UTTARAKHAND_TREK_DB'
[0m21:17:39.129337 [debug] [ThreadPool]: Using snowflake connection "list_UTTARAKHAND_TREK_DB"
[0m21:17:39.129888 [debug] [ThreadPool]: On list_UTTARAKHAND_TREK_DB: show terse schemas in database UTTARAKHAND_TREK_DB
    limit 10000
/* {"app": "dbt", "dbt_version": "1.12.4", "profile_name": "uttarakhand_trek", "target_name": "dev", "connection_name": "list_UTTARAKHAND_TREK_DB"} */
[0m21:17:39.130281 [debug] [ThreadPool]: Opening a new connection, currently in state init
[0m21:17:41.531245 [debug] [ThreadPool]: SQL status: SUCCESS 3 in 2.401 seconds
[0m21:17:41.533724 [debug] [ThreadPool]: Acquiring new snowflake connection 'list_UTTARAKHAND_TREK_DB_TREK_ANALYTICS'
[0m21:17:41.542543 [debug] [ThreadPool]: Using snowflake connection "list_UTTARAKHAND_TREK_DB_TREK_ANALYTICS"
[0m21:17:41.542831 [debug] [ThreadPool]: On list_UTTARAKHAND_TREK_DB_TREK_ANALYTICS: show objects in UTTARAKHAND_TREK_DB.TREK_ANALYTICS
    limit 10000
    

/* {"app": "dbt", "dbt_version": "1.12.4", "profile_name": "uttarakhand_trek", "target_name": "dev", "connection_name": "list_UTTARAKHAND_TREK_DB_TREK_ANALYTICS"} */;
[0m21:17:41.543050 [debug] [ThreadPool]: Opening a new connection, currently in state init
[0m21:17:42.170462 [debug] [ThreadPool]: SQL status: SUCCESS 4 in 0.627 seconds
[0m21:17:42.176315 [debug] [ThreadPool]: Using snowflake connection "list_UTTARAKHAND_TREK_DB_TREK_ANALYTICS"
[0m21:17:42.176581 [debug] [ThreadPool]: On list_UTTARAKHAND_TREK_DB_TREK_ANALYTICS: show user functions in UTTARAKHAND_TREK_DB.TREK_ANALYTICS
/* {"app": "dbt", "dbt_version": "1.12.4", "profile_name": "uttarakhand_trek", "target_name": "dev", "connection_name": "list_UTTARAKHAND_TREK_DB_TREK_ANALYTICS"} */
[0m21:17:42.324252 [debug] [ThreadPool]: SQL status: SUCCESS 0 in 0.147 seconds
[0m21:17:42.328144 [debug] [MainThread]: Sending event: {'category': 'dbt', 'action': 'runnable_timing', 'label': '9a25d1a8-a963-492e-9c77-3aba30970ab3', 'context': [<snowplow_tracker.self_describing_json.SelfDescribingJson object at 0x0000020808FDCC80>]}
[0m21:17:42.332316 [debug] [Thread-3 (]: Began running node model.uttarakhand_trek.stg_weather
[0m21:17:42.333134 [debug] [Thread-2 (]: Began running node model.uttarakhand_trek.stg_treks
[0m21:17:42.332788 [info ] [Thread-3 (]: 2 of 4 START sql view model TREK_ANALYTICS.stg_weather ......................... [RUN]
[0m21:17:42.334017 [debug] [Thread-3 (]: Acquiring new snowflake connection 'model.uttarakhand_trek.stg_weather'
[0m21:17:42.334293 [debug] [Thread-3 (]: Began compiling node model.uttarakhand_trek.stg_weather
[0m21:17:42.339185 [debug] [Thread-3 (]: Writing injected SQL for node "model.uttarakhand_trek.stg_weather"
[0m21:17:42.333538 [info ] [Thread-2 (]: 1 of 4 START sql view model TREK_ANALYTICS.stg_treks ........................... [RUN]
[0m21:17:42.339895 [debug] [Thread-2 (]: Acquiring new snowflake connection 'model.uttarakhand_trek.stg_treks'
[0m21:17:42.340223 [debug] [Thread-2 (]: Began compiling node model.uttarakhand_trek.stg_treks
[0m21:17:42.342462 [debug] [Thread-2 (]: Writing injected SQL for node "model.uttarakhand_trek.stg_treks"
[0m21:17:42.343294 [debug] [Thread-3 (]: Began executing node model.uttarakhand_trek.stg_weather
[0m21:17:42.368368 [debug] [Thread-3 (]: Writing runtime sql for node "model.uttarakhand_trek.stg_weather"
[0m21:17:42.368992 [debug] [Thread-2 (]: Began executing node model.uttarakhand_trek.stg_treks
[0m21:17:42.371433 [debug] [Thread-2 (]: Writing runtime sql for node "model.uttarakhand_trek.stg_treks"
[0m21:17:42.372367 [debug] [Thread-3 (]: Using snowflake connection "model.uttarakhand_trek.stg_weather"
[0m21:17:42.372750 [debug] [Thread-3 (]: On model.uttarakhand_trek.stg_weather: create or replace   view UTTARAKHAND_TREK_DB.TREK_ANALYTICS.stg_weather
  
  
  
  
  as (
    

SELECT *
FROM UTTARAKHAND_TREK_DB.TREK_ANALYTICS.WEATHER_GOLD
  )
/* {"app": "dbt", "dbt_version": "1.12.4", "profile_name": "uttarakhand_trek", "target_name": "dev", "node_id": "model.uttarakhand_trek.stg_weather"} */;
[0m21:17:42.373046 [debug] [Thread-3 (]: Opening a new connection, currently in state init
[0m21:17:42.374125 [debug] [Thread-2 (]: Using snowflake connection "model.uttarakhand_trek.stg_treks"
[0m21:17:42.374488 [debug] [Thread-2 (]: On model.uttarakhand_trek.stg_treks: create or replace   view UTTARAKHAND_TREK_DB.TREK_ANALYTICS.stg_treks
  
  
  
  
  as (
    

SELECT *
FROM UTTARAKHAND_TREK_DB.TREK_ANALYTICS.TREKS_GOLD
  )
/* {"app": "dbt", "dbt_version": "1.12.4", "profile_name": "uttarakhand_trek", "target_name": "dev", "node_id": "model.uttarakhand_trek.stg_treks"} */;
[0m21:17:42.374798 [debug] [Thread-2 (]: Opening a new connection, currently in state init
[0m21:17:43.144357 [debug] [Thread-2 (]: SQL status: SUCCESS 1 in 0.769 seconds
[0m21:17:43.165704 [debug] [Thread-3 (]: SQL status: SUCCESS 1 in 0.793 seconds
[0m21:17:43.168711 [debug] [Thread-2 (]: Sending event: {'category': 'dbt', 'action': 'run_model', 'label': '9a25d1a8-a963-492e-9c77-3aba30970ab3', 'context': [<snowplow_tracker.self_describing_json.SelfDescribingJson object at 0x0000020809EFA690>]}
[0m21:17:43.169549 [debug] [Thread-3 (]: Sending event: {'category': 'dbt', 'action': 'run_model', 'label': '9a25d1a8-a963-492e-9c77-3aba30970ab3', 'context': [<snowplow_tracker.self_describing_json.SelfDescribingJson object at 0x0000020809EF7490>]}
[0m21:17:43.169291 [info ] [Thread-2 (]: 1 of 4 OK created sql view model TREK_ANALYTICS.stg_treks ...................... [[32mSUCCESS 1[0m in 0.82s]
[0m21:17:43.170460 [debug] [Thread-2 (]: Finished running node model.uttarakhand_trek.stg_treks
[0m21:17:43.170006 [info ] [Thread-3 (]: 2 of 4 OK created sql view model TREK_ANALYTICS.stg_weather .................... [[32mSUCCESS 1[0m in 0.83s]
[0m21:17:43.171167 [debug] [Thread-3 (]: Finished running node model.uttarakhand_trek.stg_weather
[0m21:17:43.171689 [debug] [Thread-4 (]: Began running node model.uttarakhand_trek.int_trek_weather
[0m21:17:43.172120 [info ] [Thread-4 (]: 3 of 4 START sql view model TREK_ANALYTICS.int_trek_weather .................... [RUN]
[0m21:17:43.172776 [debug] [Thread-4 (]: Acquiring new snowflake connection 'model.uttarakhand_trek.int_trek_weather'
[0m21:17:43.173054 [debug] [Thread-4 (]: Began compiling node model.uttarakhand_trek.int_trek_weather
[0m21:17:43.174883 [debug] [Thread-4 (]: Writing injected SQL for node "model.uttarakhand_trek.int_trek_weather"
[0m21:17:43.176224 [debug] [Thread-4 (]: Began executing node model.uttarakhand_trek.int_trek_weather
[0m21:17:43.178022 [debug] [Thread-4 (]: Writing runtime sql for node "model.uttarakhand_trek.int_trek_weather"
[0m21:17:43.179352 [debug] [Thread-4 (]: Using snowflake connection "model.uttarakhand_trek.int_trek_weather"
[0m21:17:43.179668 [debug] [Thread-4 (]: On model.uttarakhand_trek.int_trek_weather: create or replace   view UTTARAKHAND_TREK_DB.TREK_ANALYTICS.int_trek_weather
  
  
  
  
  as (
    

SELECT
    t.*,
    w.*
FROM UTTARAKHAND_TREK_DB.TREK_ANALYTICS.stg_treks t
LEFT JOIN UTTARAKHAND_TREK_DB.TREK_ANALYTICS.stg_weather w
    ON t.trek_id = w.trek_id
  )
/* {"app": "dbt", "dbt_version": "1.12.4", "profile_name": "uttarakhand_trek", "target_name": "dev", "node_id": "model.uttarakhand_trek.int_trek_weather"} */;
[0m21:17:43.179955 [debug] [Thread-4 (]: Opening a new connection, currently in state init
[0m21:17:43.955453 [debug] [Thread-4 (]: Snowflake adapter: Snowflake query id: 01c70bd3-3203-5bed-0018-426a00016046
[0m21:17:43.955848 [debug] [Thread-4 (]: Snowflake adapter: Snowflake error: 000904 (42000): SQL compilation error: error line 14 at position 7
invalid identifier 'T.TREK_ID'
[0m21:17:43.970053 [debug] [Thread-4 (]: Database Error in model int_trek_weather (models\intermediate\int_trek_weather.sql)
  000904 (42000): SQL compilation error: error line 14 at position 7
  invalid identifier 'T.TREK_ID'
  compiled code at target\run\uttarakhand_trek\models\intermediate\int_trek_weather.sql
[0m21:17:43.970528 [debug] [Thread-4 (]: Sending event: {'category': 'dbt', 'action': 'run_model', 'label': '9a25d1a8-a963-492e-9c77-3aba30970ab3', 'context': [<snowplow_tracker.self_describing_json.SelfDescribingJson object at 0x000002080B083070>]}
[0m21:17:43.971035 [error] [Thread-4 (]: 3 of 4 ERROR creating sql view model TREK_ANALYTICS.int_trek_weather ........... [[31mERROR[0m in 0.80s]
[0m21:17:43.971689 [debug] [Thread-4 (]: Finished running node model.uttarakhand_trek.int_trek_weather
[0m21:17:43.972083 [debug] [Thread-8 (]: Marking all children of 'model.uttarakhand_trek.int_trek_weather' to be skipped because of status 'error'.  Reason: Database Error in model int_trek_weather (models\intermediate\int_trek_weather.sql)
  000904 (42000): SQL compilation error: error line 14 at position 7
  invalid identifier 'T.TREK_ID'
  compiled code at target\run\uttarakhand_trek\models\intermediate\int_trek_weather.sql.
[0m21:17:43.973071 [debug] [Thread-5 (]: Began running node model.uttarakhand_trek.trek_analytics
[0m21:17:43.973456 [info ] [Thread-5 (]: 4 of 4 SKIP relation TREK_ANALYTICS.trek_analytics ............................. [[33mSKIP[0m]
[0m21:17:43.973895 [debug] [Thread-5 (]: Finished running node model.uttarakhand_trek.trek_analytics
[0m21:17:43.975081 [debug] [MainThread]: Connection 'master' was properly closed.
[0m21:17:43.975314 [debug] [MainThread]: Connection 'list_UTTARAKHAND_TREK_DB' was left open.
[0m21:17:43.975527 [debug] [MainThread]: On list_UTTARAKHAND_TREK_DB: Close
[0m21:17:44.228691 [debug] [MainThread]: Connection 'list_UTTARAKHAND_TREK_DB_TREK_ANALYTICS' was left open.
[0m21:17:44.229201 [debug] [MainThread]: On list_UTTARAKHAND_TREK_DB_TREK_ANALYTICS: Close
[0m21:17:44.465739 [debug] [MainThread]: Connection 'model.uttarakhand_trek.stg_weather' was left open.
[0m21:17:44.466417 [debug] [MainThread]: On model.uttarakhand_trek.stg_weather: Close
[0m21:17:44.712057 [debug] [MainThread]: Connection 'model.uttarakhand_trek.stg_treks' was left open.
[0m21:17:44.712443 [debug] [MainThread]: On model.uttarakhand_trek.stg_treks: Close
[0m21:17:44.950953 [debug] [MainThread]: Connection 'model.uttarakhand_trek.int_trek_weather' was left open.
[0m21:17:44.951488 [debug] [MainThread]: On model.uttarakhand_trek.int_trek_weather: Close
[0m21:17:45.221765 [info ] [MainThread]: 
[0m21:17:45.222538 [info ] [MainThread]: Finished running 1 table model, 3 view models in 0 hours 0 minutes and 6.11 seconds (6.11s).
[0m21:17:45.223386 [debug] [MainThread]: Command end result
[0m21:17:45.252953 [debug] [MainThread]: Wrote artifact WritableManifest to C:\7thsem\uttarakhand-trek-intelligence\pipeline\dbt\target\manifest.json
[0m21:17:45.256101 [debug] [MainThread]: Wrote artifact SemanticManifest to C:\7thsem\uttarakhand-trek-intelligence\pipeline\dbt\target\semantic_manifest.json
[0m21:17:45.259161 [debug] [MainThread]: Wrote artifact OsiDocument to C:\7thsem\uttarakhand-trek-intelligence\pipeline\dbt\target\osi_document.json
[0m21:17:45.265124 [debug] [MainThread]: Wrote artifact RunExecutionResult to C:\7thsem\uttarakhand-trek-intelligence\pipeline\dbt\target\run_results.json
[0m21:17:45.265433 [info ] [MainThread]: 
[0m21:17:45.265858 [info ] [MainThread]: [31mCompleted with 1 error, 0 partial successes, and 0 warnings:[0m
[0m21:17:45.266304 [info ] [MainThread]: 
[0m21:17:45.266754 [error] [MainThread]: [[31mERROR[0m]: in model int_trek_weather (models\intermediate\int_trek_weather.sql)
[0m21:17:45.267118 [error] [MainThread]:   Database Error in model int_trek_weather (models\intermediate\int_trek_weather.sql)
  000904 (42000): SQL compilation error: error line 14 at position 7
  invalid identifier 'T.TREK_ID'
  compiled code at target\run\uttarakhand_trek\models\intermediate\int_trek_weather.sql
[0m21:17:45.267423 [info ] [MainThread]: 
[0m21:17:45.267748 [info ] [MainThread]:   compiled code at target\compiled\uttarakhand_trek\models\intermediate\int_trek_weather.sql
[0m21:17:45.268016 [info ] [MainThread]: 
[0m21:17:45.268336 [info ] [MainThread]: Done. PASS=2 WARN=0 ERROR=1 SKIP=1 NO-OP=0 REUSED=0 TOTAL=4
[0m21:17:45.269194 [debug] [MainThread]: Command `dbt run` failed at 21:17:45.269097 after 8.14 seconds
[0m21:17:45.269506 [debug] [MainThread]: Sending event: {'category': 'dbt', 'action': 'invocation', 'label': 'end', 'context': [<snowplow_tracker.self_describing_json.SelfDescribingJson object at 0x000002086CEA6650>, <snowplow_tracker.self_describing_json.SelfDescribingJson object at 0x000002080B0D1950>, <snowplow_tracker.self_describing_json.SelfDescribingJson object at 0x000002086FE72DD0>]}
[0m21:17:45.269790 [debug] [MainThread]: Flushing usage events
[0m21:17:46.833341 [debug] [MainThread]: An error was encountered while trying to flush usage events
[0m21:21:18.806622 [debug] [MainThread]: Sending event: {'category': 'dbt', 'action': 'invocation', 'label': 'start', 'context': [<snowplow_tracker.self_describing_json.SelfDescribingJson object at 0x000002953177DD30>, <snowplow_tracker.self_describing_json.SelfDescribingJson object at 0x0000029533DC7ED0>, <snowplow_tracker.self_describing_json.SelfDescribingJson object at 0x0000029533DC7D90>]}


============================== 21:21:18.810590 | d08e88c4-1596-4d6f-9f22-6a0dd9e9011f ==============================
[0m21:21:18.810590 [info ] [MainThread]: Running with dbt=1.12.4
[0m21:21:18.811113 [debug] [MainThread]: running dbt with arguments {'static_parser': 'True', 'no_print': 'None', 'version_check': 'True', 'target_path': 'None', 'warn_error_options': 'WarnErrorOptionsV2(error=[], warn=[], silence=[])', 'maximum_seed_size_mib': '1', 'printer_width': '80', 'write_json': 'True', 'introspect': 'True', 'log_cache_events': 'False', 'empty': 'False', 'cache_selected_only': 'False', 'log_format': 'default', 'debug': 'False', 'fail_fast': 'False', 'partial_parse': 'True', 'send_anonymous_usage_stats': 'True', 'quiet': 'False', 'warn_error': 'None', 'profiles_dir': 'C:\\Users\\Ayush Badola\\.dbt', 'use_colors': 'True', 'hints_enabled': 'True', 'invocation_command': 'dbt run --select int_trek_weather', 'use_experimental_parser': 'False', 'indirect_selection': 'eager', 'log_path': 'C:\\7thsem\\uttarakhand-trek-intelligence\\pipeline\\dbt\\logs'}
[0m21:21:19.569065 [debug] [MainThread]: Snowflake adapter: Setting snowflake.connector to ERROR (file logging only)
[0m21:21:19.569495 [debug] [MainThread]: Snowflake adapter: Setting botocore to ERROR (file logging only)
[0m21:21:19.569762 [debug] [MainThread]: Snowflake adapter: Setting boto3 to ERROR (file logging only)
[0m21:21:19.820157 [debug] [MainThread]: Sending event: {'category': 'dbt', 'action': 'project_id', 'label': 'd08e88c4-1596-4d6f-9f22-6a0dd9e9011f', 'context': [<snowplow_tracker.self_describing_json.SelfDescribingJson object at 0x0000029531CA29E0>]}
[0m21:21:19.871733 [debug] [MainThread]: Sending event: {'category': 'dbt', 'action': 'adapter_info', 'label': 'd08e88c4-1596-4d6f-9f22-6a0dd9e9011f', 'context': [<snowplow_tracker.self_describing_json.SelfDescribingJson object at 0x00000295322B27A0>]}
[0m21:21:19.873360 [info ] [MainThread]: Registered adapter: snowflake=1.12.0
[0m21:21:20.179171 [debug] [MainThread]: checksum: 19eff4c7ce702b08bdb92bf312c3b132d953f93af96778c1547d783172635df9, vars: {}, profile: uttarakhand_trek, target: dev, version: 1.12.4
[0m21:21:20.308216 [debug] [MainThread]: Partial parsing enabled: 0 files deleted, 0 files added, 1 files changed.
[0m21:21:20.308716 [debug] [MainThread]: Partial parsing: updated file: uttarakhand_trek://models\intermediate\int_trek_weather.sql
[0m21:21:20.548331 [debug] [MainThread]: Sending event: {'category': 'dbt', 'action': 'load_project', 'label': 'd08e88c4-1596-4d6f-9f22-6a0dd9e9011f', 'context': [<snowplow_tracker.self_describing_json.SelfDescribingJson object at 0x000002954D995D50>]}
[0m21:21:20.618583 [debug] [MainThread]: Wrote artifact WritableManifest to C:\7thsem\uttarakhand-trek-intelligence\pipeline\dbt\target\manifest.json
[0m21:21:20.621535 [debug] [MainThread]: Wrote artifact SemanticManifest to C:\7thsem\uttarakhand-trek-intelligence\pipeline\dbt\target\semantic_manifest.json
[0m21:21:20.647146 [debug] [MainThread]: Wrote artifact OsiDocument to C:\7thsem\uttarakhand-trek-intelligence\pipeline\dbt\target\osi_document.json
[0m21:21:20.659195 [debug] [MainThread]: Sending event: {'category': 'dbt', 'action': 'resource_counts', 'label': 'd08e88c4-1596-4d6f-9f22-6a0dd9e9011f', 'context': [<snowplow_tracker.self_describing_json.SelfDescribingJson object at 0x000002954DA636B0>]}
[0m21:21:20.659631 [info ] [MainThread]: Found 4 models, 2 sources, 545 macros
[0m21:21:20.659990 [debug] [MainThread]: Sending event: {'category': 'dbt', 'action': 'runnable_timing', 'label': 'd08e88c4-1596-4d6f-9f22-6a0dd9e9011f', 'context': [<snowplow_tracker.self_describing_json.SelfDescribingJson object at 0x000002954DD520B0>]}
[0m21:21:20.661328 [info ] [MainThread]: 
[0m21:21:20.661724 [info ] [MainThread]: Concurrency: 4 threads (target='dev')
[0m21:21:20.662056 [info ] [MainThread]: 
[0m21:21:20.662558 [debug] [MainThread]: Acquiring new snowflake connection 'master'
[0m21:21:20.663406 [debug] [ThreadPool]: Acquiring new snowflake connection 'list_UTTARAKHAND_TREK_DB'
[0m21:21:20.674298 [debug] [ThreadPool]: Using snowflake connection "list_UTTARAKHAND_TREK_DB"
[0m21:21:20.674594 [debug] [ThreadPool]: On list_UTTARAKHAND_TREK_DB: show terse schemas in database UTTARAKHAND_TREK_DB
    limit 10000
/* {"app": "dbt", "dbt_version": "1.12.4", "profile_name": "uttarakhand_trek", "target_name": "dev", "connection_name": "list_UTTARAKHAND_TREK_DB"} */
[0m21:21:20.674817 [debug] [ThreadPool]: Opening a new connection, currently in state init
[0m21:21:22.951152 [debug] [ThreadPool]: SQL status: SUCCESS 3 in 2.276 seconds
[0m21:21:22.957394 [debug] [ThreadPool]: Acquiring new snowflake connection 'list_UTTARAKHAND_TREK_DB_TREK_ANALYTICS'
[0m21:21:22.966304 [debug] [ThreadPool]: Using snowflake connection "list_UTTARAKHAND_TREK_DB_TREK_ANALYTICS"
[0m21:21:22.966598 [debug] [ThreadPool]: On list_UTTARAKHAND_TREK_DB_TREK_ANALYTICS: show objects in UTTARAKHAND_TREK_DB.TREK_ANALYTICS
    limit 10000
    

/* {"app": "dbt", "dbt_version": "1.12.4", "profile_name": "uttarakhand_trek", "target_name": "dev", "connection_name": "list_UTTARAKHAND_TREK_DB_TREK_ANALYTICS"} */;
[0m21:21:22.966882 [debug] [ThreadPool]: Opening a new connection, currently in state init
[0m21:21:23.696289 [debug] [ThreadPool]: SQL status: SUCCESS 4 in 0.729 seconds
[0m21:21:23.701314 [debug] [ThreadPool]: Using snowflake connection "list_UTTARAKHAND_TREK_DB_TREK_ANALYTICS"
[0m21:21:23.701591 [debug] [ThreadPool]: On list_UTTARAKHAND_TREK_DB_TREK_ANALYTICS: show user functions in UTTARAKHAND_TREK_DB.TREK_ANALYTICS
/* {"app": "dbt", "dbt_version": "1.12.4", "profile_name": "uttarakhand_trek", "target_name": "dev", "connection_name": "list_UTTARAKHAND_TREK_DB_TREK_ANALYTICS"} */
[0m21:21:23.843711 [debug] [ThreadPool]: SQL status: SUCCESS 0 in 0.142 seconds
[0m21:21:23.847281 [debug] [MainThread]: Sending event: {'category': 'dbt', 'action': 'runnable_timing', 'label': 'd08e88c4-1596-4d6f-9f22-6a0dd9e9011f', 'context': [<snowplow_tracker.self_describing_json.SelfDescribingJson object at 0x000002954DDF86D0>]}
[0m21:21:23.851963 [debug] [Thread-2 (]: Began running node model.uttarakhand_trek.int_trek_weather
[0m21:21:23.852432 [info ] [Thread-2 (]: 1 of 1 START sql view model TREK_ANALYTICS.int_trek_weather .................... [RUN]
[0m21:21:23.852954 [debug] [Thread-2 (]: Acquiring new snowflake connection 'model.uttarakhand_trek.int_trek_weather'
[0m21:21:23.853216 [debug] [Thread-2 (]: Began compiling node model.uttarakhand_trek.int_trek_weather
[0m21:21:23.857847 [debug] [Thread-2 (]: Writing injected SQL for node "model.uttarakhand_trek.int_trek_weather"
[0m21:21:23.858811 [debug] [Thread-2 (]: Began executing node model.uttarakhand_trek.int_trek_weather
[0m21:21:23.881942 [debug] [Thread-2 (]: Writing runtime sql for node "model.uttarakhand_trek.int_trek_weather"
[0m21:21:23.883464 [debug] [Thread-2 (]: Using snowflake connection "model.uttarakhand_trek.int_trek_weather"
[0m21:21:23.883893 [debug] [Thread-2 (]: On model.uttarakhand_trek.int_trek_weather: create or replace   view UTTARAKHAND_TREK_DB.TREK_ANALYTICS.int_trek_weather
  
  
  
  
  as (
    

SELECT
    t.*,
    w.*
FROM UTTARAKHAND_TREK_DB.TREK_ANALYTICS.stg_treks t
LEFT JOIN UTTARAKHAND_TREK_DB.TREK_ANALYTICS.stg_weather w
    ON t."trek_id" = w."trek_id"
  )
/* {"app": "dbt", "dbt_version": "1.12.4", "profile_name": "uttarakhand_trek", "target_name": "dev", "node_id": "model.uttarakhand_trek.int_trek_weather"} */;
[0m21:21:23.884175 [debug] [Thread-2 (]: Opening a new connection, currently in state init
[0m21:21:24.554739 [debug] [Thread-2 (]: Snowflake adapter: Snowflake query id: 01c70bd7-3203-5bbb-0018-426a0001057e
[0m21:21:24.555108 [debug] [Thread-2 (]: Snowflake adapter: Snowflake error: 002025 (42S21): SQL compilation error:
duplicate column name 'trek_id'
[0m21:21:24.559933 [debug] [Thread-2 (]: Database Error in model int_trek_weather (models\intermediate\int_trek_weather.sql)
  002025 (42S21): SQL compilation error:
  duplicate column name 'trek_id'
  compiled code at target\run\uttarakhand_trek\models\intermediate\int_trek_weather.sql
[0m21:21:24.561906 [debug] [Thread-2 (]: Sending event: {'category': 'dbt', 'action': 'run_model', 'label': 'd08e88c4-1596-4d6f-9f22-6a0dd9e9011f', 'context': [<snowplow_tracker.self_describing_json.SelfDescribingJson object at 0x000002954DE49790>]}
[0m21:21:24.562437 [error] [Thread-2 (]: 1 of 1 ERROR creating sql view model TREK_ANALYTICS.int_trek_weather ........... [[31mERROR[0m in 0.71s]
[0m21:21:24.563081 [debug] [Thread-2 (]: Finished running node model.uttarakhand_trek.int_trek_weather
[0m21:21:24.563499 [debug] [Thread-8 (]: Marking all children of 'model.uttarakhand_trek.int_trek_weather' to be skipped because of status 'error'.  Reason: Database Error in model int_trek_weather (models\intermediate\int_trek_weather.sql)
  002025 (42S21): SQL compilation error:
  duplicate column name 'trek_id'
  compiled code at target\run\uttarakhand_trek\models\intermediate\int_trek_weather.sql.
[0m21:21:24.565123 [debug] [MainThread]: Connection 'master' was properly closed.
[0m21:21:24.565376 [debug] [MainThread]: Connection 'list_UTTARAKHAND_TREK_DB' was left open.
[0m21:21:24.565594 [debug] [MainThread]: On list_UTTARAKHAND_TREK_DB: Close
[0m21:21:24.802918 [debug] [MainThread]: Connection 'list_UTTARAKHAND_TREK_DB_TREK_ANALYTICS' was left open.
[0m21:21:24.803537 [debug] [MainThread]: On list_UTTARAKHAND_TREK_DB_TREK_ANALYTICS: Close
[0m21:21:25.032006 [debug] [MainThread]: Connection 'model.uttarakhand_trek.int_trek_weather' was left open.
[0m21:21:25.032363 [debug] [MainThread]: On model.uttarakhand_trek.int_trek_weather: Close
[0m21:21:25.248305 [info ] [MainThread]: 
[0m21:21:25.249168 [info ] [MainThread]: Finished running 1 view model in 0 hours 0 minutes and 4.59 seconds (4.59s).
[0m21:21:25.250092 [debug] [MainThread]: Command end result
[0m21:21:25.278985 [debug] [MainThread]: Wrote artifact WritableManifest to C:\7thsem\uttarakhand-trek-intelligence\pipeline\dbt\target\manifest.json
[0m21:21:25.282242 [debug] [MainThread]: Wrote artifact SemanticManifest to C:\7thsem\uttarakhand-trek-intelligence\pipeline\dbt\target\semantic_manifest.json
[0m21:21:25.284997 [debug] [MainThread]: Wrote artifact OsiDocument to C:\7thsem\uttarakhand-trek-intelligence\pipeline\dbt\target\osi_document.json
[0m21:21:25.290710 [debug] [MainThread]: Wrote artifact RunExecutionResult to C:\7thsem\uttarakhand-trek-intelligence\pipeline\dbt\target\run_results.json
[0m21:21:25.290998 [info ] [MainThread]: 
[0m21:21:25.291558 [info ] [MainThread]: [31mCompleted with 1 error, 0 partial successes, and 0 warnings:[0m
[0m21:21:25.291950 [info ] [MainThread]: 
[0m21:21:25.292325 [error] [MainThread]: [[31mERROR[0m]: in model int_trek_weather (models\intermediate\int_trek_weather.sql)
[0m21:21:25.292651 [error] [MainThread]:   Database Error in model int_trek_weather (models\intermediate\int_trek_weather.sql)
  002025 (42S21): SQL compilation error:
  duplicate column name 'trek_id'
  compiled code at target\run\uttarakhand_trek\models\intermediate\int_trek_weather.sql
[0m21:21:25.292907 [info ] [MainThread]: 
[0m21:21:25.293235 [info ] [MainThread]:   compiled code at target\compiled\uttarakhand_trek\models\intermediate\int_trek_weather.sql
[0m21:21:25.293502 [info ] [MainThread]: 
[0m21:21:25.293795 [info ] [MainThread]: Done. PASS=0 WARN=0 ERROR=1 SKIP=0 NO-OP=0 REUSED=0 TOTAL=1
[0m21:21:25.294660 [debug] [MainThread]: Command `dbt run` failed at 21:21:25.294566 after 6.61 seconds
[0m21:21:25.294978 [debug] [MainThread]: Sending event: {'category': 'dbt', 'action': 'invocation', 'label': 'end', 'context': [<snowplow_tracker.self_describing_json.SelfDescribingJson object at 0x000002954EF1BA10>, <snowplow_tracker.self_describing_json.SelfDescribingJson object at 0x0000029531C687D0>, <snowplow_tracker.self_describing_json.SelfDescribingJson object at 0x000002954DDE0550>]}
[0m21:21:25.295283 [debug] [MainThread]: Flushing usage events
[0m21:21:26.775692 [debug] [MainThread]: An error was encountered while trying to flush usage events
[0m21:22:30.105540 [debug] [MainThread]: Sending event: {'category': 'dbt', 'action': 'invocation', 'label': 'start', 'context': [<snowplow_tracker.self_describing_json.SelfDescribingJson object at 0x00000233E1B3DD30>, <snowplow_tracker.self_describing_json.SelfDescribingJson object at 0x00000233E4187ED0>, <snowplow_tracker.self_describing_json.SelfDescribingJson object at 0x00000233E4187D90>]}


============================== 21:22:30.109379 | cb9cf669-4563-4956-bf64-e7dd434a16f1 ==============================
[0m21:22:30.109379 [info ] [MainThread]: Running with dbt=1.12.4
[0m21:22:30.109935 [debug] [MainThread]: running dbt with arguments {'maximum_seed_size_mib': '1', 'no_print': 'None', 'static_parser': 'True', 'warn_error_options': 'WarnErrorOptionsV2(error=[], warn=[], silence=[])', 'version_check': 'True', 'target_path': 'None', 'printer_width': '80', 'write_json': 'True', 'introspect': 'True', 'log_cache_events': 'False', 'empty': 'False', 'cache_selected_only': 'False', 'log_format': 'default', 'debug': 'False', 'fail_fast': 'False', 'partial_parse': 'True', 'send_anonymous_usage_stats': 'True', 'quiet': 'False', 'warn_error': 'None', 'profiles_dir': 'C:\\Users\\Ayush Badola\\.dbt', 'indirect_selection': 'eager', 'hints_enabled': 'True', 'invocation_command': 'dbt run --select int_trek_weather', 'use_experimental_parser': 'False', 'use_colors': 'True', 'log_path': 'C:\\7thsem\\uttarakhand-trek-intelligence\\pipeline\\dbt\\logs'}
[0m21:22:30.831731 [debug] [MainThread]: Snowflake adapter: Setting snowflake.connector to ERROR (file logging only)
[0m21:22:30.832173 [debug] [MainThread]: Snowflake adapter: Setting botocore to ERROR (file logging only)
[0m21:22:30.832446 [debug] [MainThread]: Snowflake adapter: Setting boto3 to ERROR (file logging only)
[0m21:22:31.057285 [debug] [MainThread]: Sending event: {'category': 'dbt', 'action': 'project_id', 'label': 'cb9cf669-4563-4956-bf64-e7dd434a16f1', 'context': [<snowplow_tracker.self_describing_json.SelfDescribingJson object at 0x00000233E205E9E0>]}
[0m21:22:31.108570 [debug] [MainThread]: Sending event: {'category': 'dbt', 'action': 'adapter_info', 'label': 'cb9cf669-4563-4956-bf64-e7dd434a16f1', 'context': [<snowplow_tracker.self_describing_json.SelfDescribingJson object at 0x00000233E26767A0>]}
[0m21:22:31.110018 [info ] [MainThread]: Registered adapter: snowflake=1.12.0
[0m21:22:31.422491 [debug] [MainThread]: checksum: 19eff4c7ce702b08bdb92bf312c3b132d953f93af96778c1547d783172635df9, vars: {}, profile: uttarakhand_trek, target: dev, version: 1.12.4
[0m21:22:31.543824 [debug] [MainThread]: Partial parsing enabled: 0 files deleted, 0 files added, 1 files changed.
[0m21:22:31.544331 [debug] [MainThread]: Partial parsing: updated file: uttarakhand_trek://models\intermediate\int_trek_weather.sql
[0m21:22:31.773755 [debug] [MainThread]: Sending event: {'category': 'dbt', 'action': 'load_project', 'label': 'cb9cf669-4563-4956-bf64-e7dd434a16f1', 'context': [<snowplow_tracker.self_describing_json.SelfDescribingJson object at 0x00000233FDD05D50>]}
[0m21:22:31.846226 [debug] [MainThread]: Wrote artifact WritableManifest to C:\7thsem\uttarakhand-trek-intelligence\pipeline\dbt\target\manifest.json
[0m21:22:31.849160 [debug] [MainThread]: Wrote artifact SemanticManifest to C:\7thsem\uttarakhand-trek-intelligence\pipeline\dbt\target\semantic_manifest.json
[0m21:22:31.872649 [debug] [MainThread]: Wrote artifact OsiDocument to C:\7thsem\uttarakhand-trek-intelligence\pipeline\dbt\target\osi_document.json
[0m21:22:31.883768 [debug] [MainThread]: Sending event: {'category': 'dbt', 'action': 'resource_counts', 'label': 'cb9cf669-4563-4956-bf64-e7dd434a16f1', 'context': [<snowplow_tracker.self_describing_json.SelfDescribingJson object at 0x00000233FDCCF6B0>]}
[0m21:22:31.884219 [info ] [MainThread]: Found 4 models, 2 sources, 545 macros
[0m21:22:31.884564 [debug] [MainThread]: Sending event: {'category': 'dbt', 'action': 'runnable_timing', 'label': 'cb9cf669-4563-4956-bf64-e7dd434a16f1', 'context': [<snowplow_tracker.self_describing_json.SelfDescribingJson object at 0x00000233FE0C6190>]}
[0m21:22:31.885865 [info ] [MainThread]: 
[0m21:22:31.886379 [info ] [MainThread]: Concurrency: 4 threads (target='dev')
[0m21:22:31.886857 [info ] [MainThread]: 
[0m21:22:31.887340 [debug] [MainThread]: Acquiring new snowflake connection 'master'
[0m21:22:31.888192 [debug] [ThreadPool]: Acquiring new snowflake connection 'list_UTTARAKHAND_TREK_DB'
[0m21:22:31.899120 [debug] [ThreadPool]: Using snowflake connection "list_UTTARAKHAND_TREK_DB"
[0m21:22:31.899414 [debug] [ThreadPool]: On list_UTTARAKHAND_TREK_DB: show terse schemas in database UTTARAKHAND_TREK_DB
    limit 10000
/* {"app": "dbt", "dbt_version": "1.12.4", "profile_name": "uttarakhand_trek", "target_name": "dev", "connection_name": "list_UTTARAKHAND_TREK_DB"} */
[0m21:22:31.899696 [debug] [ThreadPool]: Opening a new connection, currently in state init
[0m21:22:33.077111 [debug] [ThreadPool]: SQL status: SUCCESS 3 in 1.177 seconds
[0m21:22:33.084135 [debug] [ThreadPool]: Acquiring new snowflake connection 'list_UTTARAKHAND_TREK_DB_TREK_ANALYTICS'
[0m21:22:33.094377 [debug] [ThreadPool]: Using snowflake connection "list_UTTARAKHAND_TREK_DB_TREK_ANALYTICS"
[0m21:22:33.094749 [debug] [ThreadPool]: On list_UTTARAKHAND_TREK_DB_TREK_ANALYTICS: show objects in UTTARAKHAND_TREK_DB.TREK_ANALYTICS
    limit 10000
    

/* {"app": "dbt", "dbt_version": "1.12.4", "profile_name": "uttarakhand_trek", "target_name": "dev", "connection_name": "list_UTTARAKHAND_TREK_DB_TREK_ANALYTICS"} */;
[0m21:22:33.094992 [debug] [ThreadPool]: Opening a new connection, currently in state init
[0m21:22:33.666804 [debug] [ThreadPool]: SQL status: SUCCESS 4 in 0.572 seconds
[0m21:22:33.671472 [debug] [ThreadPool]: Using snowflake connection "list_UTTARAKHAND_TREK_DB_TREK_ANALYTICS"
[0m21:22:33.671762 [debug] [ThreadPool]: On list_UTTARAKHAND_TREK_DB_TREK_ANALYTICS: show user functions in UTTARAKHAND_TREK_DB.TREK_ANALYTICS
/* {"app": "dbt", "dbt_version": "1.12.4", "profile_name": "uttarakhand_trek", "target_name": "dev", "connection_name": "list_UTTARAKHAND_TREK_DB_TREK_ANALYTICS"} */
[0m21:22:33.821811 [debug] [ThreadPool]: SQL status: SUCCESS 0 in 0.150 seconds
[0m21:22:33.825219 [debug] [MainThread]: Sending event: {'category': 'dbt', 'action': 'runnable_timing', 'label': 'cb9cf669-4563-4956-bf64-e7dd434a16f1', 'context': [<snowplow_tracker.self_describing_json.SelfDescribingJson object at 0x00000233FE16C530>]}
[0m21:22:33.829410 [debug] [Thread-2 (]: Began running node model.uttarakhand_trek.int_trek_weather
[0m21:22:33.830080 [info ] [Thread-2 (]: 1 of 1 START sql view model TREK_ANALYTICS.int_trek_weather .................... [RUN]
[0m21:22:33.830829 [debug] [Thread-2 (]: Acquiring new snowflake connection 'model.uttarakhand_trek.int_trek_weather'
[0m21:22:33.831271 [debug] [Thread-2 (]: Began compiling node model.uttarakhand_trek.int_trek_weather
[0m21:22:33.836177 [debug] [Thread-2 (]: Writing injected SQL for node "model.uttarakhand_trek.int_trek_weather"
[0m21:22:33.836996 [debug] [Thread-2 (]: Began executing node model.uttarakhand_trek.int_trek_weather
[0m21:22:33.861366 [debug] [Thread-2 (]: Writing runtime sql for node "model.uttarakhand_trek.int_trek_weather"
[0m21:22:33.862774 [debug] [Thread-2 (]: Using snowflake connection "model.uttarakhand_trek.int_trek_weather"
[0m21:22:33.863148 [debug] [Thread-2 (]: On model.uttarakhand_trek.int_trek_weather: create or replace   view UTTARAKHAND_TREK_DB.TREK_ANALYTICS.int_trek_weather
  
  
  
  
  as (
    

SELECT
    t.*,
    w.trek_name,
    w.weather_record,
    w.latitude,
    w.longitude,
    w.avg_temperature,
    w.min_temperature,
    w.max_temperature,
    w.avg_humidity,
    w.weather_date,
    w.weather_time,
    w.temperature_c,
    w.total_precipitation,
    w.humidity_pct,
    w.avg_visibility_km,
    w.min_visibility_km
FROM UTTARAKHAND_TREK_DB.TREK_ANALYTICS.stg_treks t
LEFT JOIN UTTARAKHAND_TREK_DB.TREK_ANALYTICS.stg_weather w
    ON t."trek_id" = w."trek_id"
  )
/* {"app": "dbt", "dbt_version": "1.12.4", "profile_name": "uttarakhand_trek", "target_name": "dev", "node_id": "model.uttarakhand_trek.int_trek_weather"} */;
[0m21:22:33.863430 [debug] [Thread-2 (]: Opening a new connection, currently in state init
[0m21:22:34.850756 [debug] [Thread-2 (]: Snowflake adapter: Snowflake query id: 01c70bd8-3203-5bbb-0018-426a0001058a
[0m21:22:34.851129 [debug] [Thread-2 (]: Snowflake adapter: Snowflake error: 000904 (42000): SQL compilation error: error line 11 at position 4
invalid identifier 'W.TREK_NAME'
[0m21:22:34.857308 [debug] [Thread-2 (]: Database Error in model int_trek_weather (models\intermediate\int_trek_weather.sql)
  000904 (42000): SQL compilation error: error line 11 at position 4
  invalid identifier 'W.TREK_NAME'
  compiled code at target\run\uttarakhand_trek\models\intermediate\int_trek_weather.sql
[0m21:22:34.860012 [debug] [Thread-2 (]: Sending event: {'category': 'dbt', 'action': 'run_model', 'label': 'cb9cf669-4563-4956-bf64-e7dd434a16f1', 'context': [<snowplow_tracker.self_describing_json.SelfDescribingJson object at 0x00000233FE1AD790>]}
[0m21:22:34.860757 [error] [Thread-2 (]: 1 of 1 ERROR creating sql view model TREK_ANALYTICS.int_trek_weather ........... [[31mERROR[0m in 1.03s]
[0m21:22:34.861796 [debug] [Thread-2 (]: Finished running node model.uttarakhand_trek.int_trek_weather
[0m21:22:34.862575 [debug] [Thread-8 (]: Marking all children of 'model.uttarakhand_trek.int_trek_weather' to be skipped because of status 'error'.  Reason: Database Error in model int_trek_weather (models\intermediate\int_trek_weather.sql)
  000904 (42000): SQL compilation error: error line 11 at position 4
  invalid identifier 'W.TREK_NAME'
  compiled code at target\run\uttarakhand_trek\models\intermediate\int_trek_weather.sql.
[0m21:22:34.865101 [debug] [MainThread]: Connection 'master' was properly closed.
[0m21:22:34.865639 [debug] [MainThread]: Connection 'list_UTTARAKHAND_TREK_DB' was left open.
[0m21:22:34.866034 [debug] [MainThread]: On list_UTTARAKHAND_TREK_DB: Close
[0m21:22:35.113705 [debug] [MainThread]: Connection 'list_UTTARAKHAND_TREK_DB_TREK_ANALYTICS' was left open.
[0m21:22:35.114267 [debug] [MainThread]: On list_UTTARAKHAND_TREK_DB_TREK_ANALYTICS: Close
[0m21:22:35.361593 [debug] [MainThread]: Connection 'model.uttarakhand_trek.int_trek_weather' was left open.
[0m21:22:35.362120 [debug] [MainThread]: On model.uttarakhand_trek.int_trek_weather: Close
[0m21:22:35.612162 [info ] [MainThread]: 
[0m21:22:35.612713 [info ] [MainThread]: Finished running 1 view model in 0 hours 0 minutes and 3.72 seconds (3.72s).
[0m21:22:35.613468 [debug] [MainThread]: Command end result
[0m21:22:35.645327 [debug] [MainThread]: Wrote artifact WritableManifest to C:\7thsem\uttarakhand-trek-intelligence\pipeline\dbt\target\manifest.json
[0m21:22:35.648615 [debug] [MainThread]: Wrote artifact SemanticManifest to C:\7thsem\uttarakhand-trek-intelligence\pipeline\dbt\target\semantic_manifest.json
[0m21:22:35.651490 [debug] [MainThread]: Wrote artifact OsiDocument to C:\7thsem\uttarakhand-trek-intelligence\pipeline\dbt\target\osi_document.json
[0m21:22:35.657382 [debug] [MainThread]: Wrote artifact RunExecutionResult to C:\7thsem\uttarakhand-trek-intelligence\pipeline\dbt\target\run_results.json
[0m21:22:35.657674 [info ] [MainThread]: 
[0m21:22:35.658113 [info ] [MainThread]: [31mCompleted with 1 error, 0 partial successes, and 0 warnings:[0m
[0m21:22:35.658599 [info ] [MainThread]: 
[0m21:22:35.659064 [error] [MainThread]: [[31mERROR[0m]: in model int_trek_weather (models\intermediate\int_trek_weather.sql)
[0m21:22:35.659592 [error] [MainThread]:   Database Error in model int_trek_weather (models\intermediate\int_trek_weather.sql)
  000904 (42000): SQL compilation error: error line 11 at position 4
  invalid identifier 'W.TREK_NAME'
  compiled code at target\run\uttarakhand_trek\models\intermediate\int_trek_weather.sql
[0m21:22:35.659945 [info ] [MainThread]: 
[0m21:22:35.660406 [info ] [MainThread]:   compiled code at target\compiled\uttarakhand_trek\models\intermediate\int_trek_weather.sql
[0m21:22:35.660716 [info ] [MainThread]: 
[0m21:22:35.661069 [info ] [MainThread]: Done. PASS=0 WARN=0 ERROR=1 SKIP=0 NO-OP=0 REUSED=0 TOTAL=1
[0m21:22:35.662009 [debug] [MainThread]: Command `dbt run` failed at 21:22:35.661904 after 5.67 seconds
[0m21:22:35.662311 [debug] [MainThread]: Sending event: {'category': 'dbt', 'action': 'invocation', 'label': 'end', 'context': [<snowplow_tracker.self_describing_json.SelfDescribingJson object at 0x00000233FF287A10>, <snowplow_tracker.self_describing_json.SelfDescribingJson object at 0x00000233E20287D0>, <snowplow_tracker.self_describing_json.SelfDescribingJson object at 0x00000233FE148550>]}
[0m21:22:35.662592 [debug] [MainThread]: Flushing usage events
[0m21:22:38.216966 [debug] [MainThread]: An error was encountered while trying to flush usage events
[0m21:23:39.773997 [debug] [MainThread]: Sending event: {'category': 'dbt', 'action': 'invocation', 'label': 'start', 'context': [<snowplow_tracker.self_describing_json.SelfDescribingJson object at 0x000001A416E0DD30>, <snowplow_tracker.self_describing_json.SelfDescribingJson object at 0x000001A41945BED0>, <snowplow_tracker.self_describing_json.SelfDescribingJson object at 0x000001A41945BD90>]}


============================== 21:23:39.777943 | ad8129c5-4242-42ae-b271-f771d6c07d45 ==============================
[0m21:23:39.777943 [info ] [MainThread]: Running with dbt=1.12.4
[0m21:23:39.778488 [debug] [MainThread]: running dbt with arguments {'maximum_seed_size_mib': '1', 'no_print': 'None', 'version_check': 'True', 'target_path': 'None', 'static_parser': 'True', 'warn_error_options': 'WarnErrorOptionsV2(error=[], warn=[], silence=[])', 'printer_width': '80', 'write_json': 'True', 'introspect': 'True', 'log_cache_events': 'False', 'empty': 'False', 'cache_selected_only': 'False', 'log_format': 'default', 'debug': 'False', 'fail_fast': 'False', 'partial_parse': 'True', 'send_anonymous_usage_stats': 'True', 'quiet': 'False', 'warn_error': 'None', 'profiles_dir': 'C:\\Users\\Ayush Badola\\.dbt', 'use_colors': 'True', 'hints_enabled': 'True', 'invocation_command': 'dbt run --select int_trek_weather', 'use_experimental_parser': 'False', 'indirect_selection': 'eager', 'log_path': 'C:\\7thsem\\uttarakhand-trek-intelligence\\pipeline\\dbt\\logs'}
[0m21:23:40.492493 [debug] [MainThread]: Snowflake adapter: Setting snowflake.connector to ERROR (file logging only)
[0m21:23:40.492922 [debug] [MainThread]: Snowflake adapter: Setting botocore to ERROR (file logging only)
[0m21:23:40.493203 [debug] [MainThread]: Snowflake adapter: Setting boto3 to ERROR (file logging only)
[0m21:23:40.717742 [debug] [MainThread]: Sending event: {'category': 'dbt', 'action': 'project_id', 'label': 'ad8129c5-4242-42ae-b271-f771d6c07d45', 'context': [<snowplow_tracker.self_describing_json.SelfDescribingJson object at 0x000001A4173329E0>]}
[0m21:23:40.770440 [debug] [MainThread]: Sending event: {'category': 'dbt', 'action': 'adapter_info', 'label': 'ad8129c5-4242-42ae-b271-f771d6c07d45', 'context': [<snowplow_tracker.self_describing_json.SelfDescribingJson object at 0x000001A4179427A0>]}
[0m21:23:40.772006 [info ] [MainThread]: Registered adapter: snowflake=1.12.0
[0m21:23:41.090126 [debug] [MainThread]: checksum: 19eff4c7ce702b08bdb92bf312c3b132d953f93af96778c1547d783172635df9, vars: {}, profile: uttarakhand_trek, target: dev, version: 1.12.4
[0m21:23:41.207748 [debug] [MainThread]: Partial parsing enabled: 0 files deleted, 0 files added, 1 files changed.
[0m21:23:41.208243 [debug] [MainThread]: Partial parsing: updated file: uttarakhand_trek://models\intermediate\int_trek_weather.sql
[0m21:23:41.442903 [debug] [MainThread]: Sending event: {'category': 'dbt', 'action': 'load_project', 'label': 'ad8129c5-4242-42ae-b271-f771d6c07d45', 'context': [<snowplow_tracker.self_describing_json.SelfDescribingJson object at 0x000001A433065D50>]}
[0m21:23:41.516237 [debug] [MainThread]: Wrote artifact WritableManifest to C:\7thsem\uttarakhand-trek-intelligence\pipeline\dbt\target\manifest.json
[0m21:23:41.519582 [debug] [MainThread]: Wrote artifact SemanticManifest to C:\7thsem\uttarakhand-trek-intelligence\pipeline\dbt\target\semantic_manifest.json
[0m21:23:41.543726 [debug] [MainThread]: Wrote artifact OsiDocument to C:\7thsem\uttarakhand-trek-intelligence\pipeline\dbt\target\osi_document.json
[0m21:23:41.555131 [debug] [MainThread]: Sending event: {'category': 'dbt', 'action': 'resource_counts', 'label': 'ad8129c5-4242-42ae-b271-f771d6c07d45', 'context': [<snowplow_tracker.self_describing_json.SelfDescribingJson object at 0x000001A4330337A0>]}
[0m21:23:41.555567 [info ] [MainThread]: Found 4 models, 2 sources, 545 macros
[0m21:23:41.555985 [debug] [MainThread]: Sending event: {'category': 'dbt', 'action': 'runnable_timing', 'label': 'ad8129c5-4242-42ae-b271-f771d6c07d45', 'context': [<snowplow_tracker.self_describing_json.SelfDescribingJson object at 0x000001A43341E190>]}
[0m21:23:41.557385 [info ] [MainThread]: 
[0m21:23:41.557767 [info ] [MainThread]: Concurrency: 4 threads (target='dev')
[0m21:23:41.558097 [info ] [MainThread]: 
[0m21:23:41.558565 [debug] [MainThread]: Acquiring new snowflake connection 'master'
[0m21:23:41.559438 [debug] [ThreadPool]: Acquiring new snowflake connection 'list_UTTARAKHAND_TREK_DB'
[0m21:23:41.570210 [debug] [ThreadPool]: Using snowflake connection "list_UTTARAKHAND_TREK_DB"
[0m21:23:41.570493 [debug] [ThreadPool]: On list_UTTARAKHAND_TREK_DB: show terse schemas in database UTTARAKHAND_TREK_DB
    limit 10000
/* {"app": "dbt", "dbt_version": "1.12.4", "profile_name": "uttarakhand_trek", "target_name": "dev", "connection_name": "list_UTTARAKHAND_TREK_DB"} */
[0m21:23:41.570720 [debug] [ThreadPool]: Opening a new connection, currently in state init
[0m21:23:42.678817 [debug] [ThreadPool]: SQL status: SUCCESS 3 in 1.108 seconds
[0m21:23:42.685862 [debug] [ThreadPool]: Acquiring new snowflake connection 'list_UTTARAKHAND_TREK_DB_TREK_ANALYTICS'
[0m21:23:42.694510 [debug] [ThreadPool]: Using snowflake connection "list_UTTARAKHAND_TREK_DB_TREK_ANALYTICS"
[0m21:23:42.694853 [debug] [ThreadPool]: On list_UTTARAKHAND_TREK_DB_TREK_ANALYTICS: show objects in UTTARAKHAND_TREK_DB.TREK_ANALYTICS
    limit 10000
    

/* {"app": "dbt", "dbt_version": "1.12.4", "profile_name": "uttarakhand_trek", "target_name": "dev", "connection_name": "list_UTTARAKHAND_TREK_DB_TREK_ANALYTICS"} */;
[0m21:23:42.695078 [debug] [ThreadPool]: Opening a new connection, currently in state init
[0m21:23:43.610768 [debug] [ThreadPool]: SQL status: SUCCESS 4 in 0.916 seconds
[0m21:23:43.617337 [debug] [ThreadPool]: Using snowflake connection "list_UTTARAKHAND_TREK_DB_TREK_ANALYTICS"
[0m21:23:43.617633 [debug] [ThreadPool]: On list_UTTARAKHAND_TREK_DB_TREK_ANALYTICS: show user functions in UTTARAKHAND_TREK_DB.TREK_ANALYTICS
/* {"app": "dbt", "dbt_version": "1.12.4", "profile_name": "uttarakhand_trek", "target_name": "dev", "connection_name": "list_UTTARAKHAND_TREK_DB_TREK_ANALYTICS"} */
[0m21:23:43.797025 [debug] [ThreadPool]: SQL status: SUCCESS 0 in 0.179 seconds
[0m21:23:43.800483 [debug] [MainThread]: Sending event: {'category': 'dbt', 'action': 'runnable_timing', 'label': 'ad8129c5-4242-42ae-b271-f771d6c07d45', 'context': [<snowplow_tracker.self_describing_json.SelfDescribingJson object at 0x000001A4334D0530>]}
[0m21:23:43.806310 [debug] [Thread-2 (]: Began running node model.uttarakhand_trek.int_trek_weather
[0m21:23:43.806924 [info ] [Thread-2 (]: 1 of 1 START sql view model TREK_ANALYTICS.int_trek_weather .................... [RUN]
[0m21:23:43.807419 [debug] [Thread-2 (]: Acquiring new snowflake connection 'model.uttarakhand_trek.int_trek_weather'
[0m21:23:43.807699 [debug] [Thread-2 (]: Began compiling node model.uttarakhand_trek.int_trek_weather
[0m21:23:43.812888 [debug] [Thread-2 (]: Writing injected SQL for node "model.uttarakhand_trek.int_trek_weather"
[0m21:23:43.813744 [debug] [Thread-2 (]: Began executing node model.uttarakhand_trek.int_trek_weather
[0m21:23:43.836321 [debug] [Thread-2 (]: Writing runtime sql for node "model.uttarakhand_trek.int_trek_weather"
[0m21:23:43.837684 [debug] [Thread-2 (]: Using snowflake connection "model.uttarakhand_trek.int_trek_weather"
[0m21:23:43.838055 [debug] [Thread-2 (]: On model.uttarakhand_trek.int_trek_weather: create or replace   view UTTARAKHAND_TREK_DB.TREK_ANALYTICS.int_trek_weather
  
  
  
  
  as (
    

SELECT
    t.*,
    w.* EXCLUDE ("trek_id")
FROM UTTARAKHAND_TREK_DB.TREK_ANALYTICS.stg_treks t
LEFT JOIN UTTARAKHAND_TREK_DB.TREK_ANALYTICS.stg_weather w
    ON t."trek_id" = w."trek_id"
  )
/* {"app": "dbt", "dbt_version": "1.12.4", "profile_name": "uttarakhand_trek", "target_name": "dev", "node_id": "model.uttarakhand_trek.int_trek_weather"} */;
[0m21:23:43.838329 [debug] [Thread-2 (]: Opening a new connection, currently in state init
[0m21:23:44.487395 [debug] [Thread-2 (]: Snowflake adapter: Snowflake query id: 01c70bd9-3203-5bed-0018-426a000160ca
[0m21:23:44.487779 [debug] [Thread-2 (]: Snowflake adapter: Snowflake error: 002025 (42S21): SQL compilation error:
duplicate column name 'trek_name'
[0m21:23:44.492556 [debug] [Thread-2 (]: Database Error in model int_trek_weather (models\intermediate\int_trek_weather.sql)
  002025 (42S21): SQL compilation error:
  duplicate column name 'trek_name'
  compiled code at target\run\uttarakhand_trek\models\intermediate\int_trek_weather.sql
[0m21:23:44.494421 [debug] [Thread-2 (]: Sending event: {'category': 'dbt', 'action': 'run_model', 'label': 'ad8129c5-4242-42ae-b271-f771d6c07d45', 'context': [<snowplow_tracker.self_describing_json.SelfDescribingJson object at 0x000001A433519790>]}
[0m21:23:44.495009 [error] [Thread-2 (]: 1 of 1 ERROR creating sql view model TREK_ANALYTICS.int_trek_weather ........... [[31mERROR[0m in 0.69s]
[0m21:23:44.495640 [debug] [Thread-2 (]: Finished running node model.uttarakhand_trek.int_trek_weather
[0m21:23:44.496071 [debug] [Thread-8 (]: Marking all children of 'model.uttarakhand_trek.int_trek_weather' to be skipped because of status 'error'.  Reason: Database Error in model int_trek_weather (models\intermediate\int_trek_weather.sql)
  002025 (42S21): SQL compilation error:
  duplicate column name 'trek_name'
  compiled code at target\run\uttarakhand_trek\models\intermediate\int_trek_weather.sql.
[0m21:23:44.497779 [debug] [MainThread]: Connection 'master' was properly closed.
[0m21:23:44.498040 [debug] [MainThread]: Connection 'list_UTTARAKHAND_TREK_DB' was left open.
[0m21:23:44.498262 [debug] [MainThread]: On list_UTTARAKHAND_TREK_DB: Close
[0m21:23:44.743516 [debug] [MainThread]: Connection 'list_UTTARAKHAND_TREK_DB_TREK_ANALYTICS' was left open.
[0m21:23:44.744077 [debug] [MainThread]: On list_UTTARAKHAND_TREK_DB_TREK_ANALYTICS: Close
[0m21:23:44.981191 [debug] [MainThread]: Connection 'model.uttarakhand_trek.int_trek_weather' was left open.
[0m21:23:44.981746 [debug] [MainThread]: On model.uttarakhand_trek.int_trek_weather: Close
[0m21:23:45.214548 [info ] [MainThread]: 
[0m21:23:45.215024 [info ] [MainThread]: Finished running 1 view model in 0 hours 0 minutes and 3.66 seconds (3.66s).
[0m21:23:45.215682 [debug] [MainThread]: Command end result
[0m21:23:45.242062 [debug] [MainThread]: Wrote artifact WritableManifest to C:\7thsem\uttarakhand-trek-intelligence\pipeline\dbt\target\manifest.json
[0m21:23:45.245129 [debug] [MainThread]: Wrote artifact SemanticManifest to C:\7thsem\uttarakhand-trek-intelligence\pipeline\dbt\target\semantic_manifest.json
[0m21:23:45.248001 [debug] [MainThread]: Wrote artifact OsiDocument to C:\7thsem\uttarakhand-trek-intelligence\pipeline\dbt\target\osi_document.json
[0m21:23:45.253676 [debug] [MainThread]: Wrote artifact RunExecutionResult to C:\7thsem\uttarakhand-trek-intelligence\pipeline\dbt\target\run_results.json
[0m21:23:45.253988 [info ] [MainThread]: 
[0m21:23:45.254504 [info ] [MainThread]: [31mCompleted with 1 error, 0 partial successes, and 0 warnings:[0m
[0m21:23:45.254913 [info ] [MainThread]: 
[0m21:23:45.255311 [error] [MainThread]: [[31mERROR[0m]: in model int_trek_weather (models\intermediate\int_trek_weather.sql)
[0m21:23:45.255660 [error] [MainThread]:   Database Error in model int_trek_weather (models\intermediate\int_trek_weather.sql)
  002025 (42S21): SQL compilation error:
  duplicate column name 'trek_name'
  compiled code at target\run\uttarakhand_trek\models\intermediate\int_trek_weather.sql
[0m21:23:45.255914 [info ] [MainThread]: 
[0m21:23:45.256213 [info ] [MainThread]:   compiled code at target\compiled\uttarakhand_trek\models\intermediate\int_trek_weather.sql
[0m21:23:45.256550 [info ] [MainThread]: 
[0m21:23:45.256823 [info ] [MainThread]: Done. PASS=0 WARN=0 ERROR=1 SKIP=0 NO-OP=0 REUSED=0 TOTAL=1
[0m21:23:45.257653 [debug] [MainThread]: Command `dbt run` failed at 21:23:45.257556 after 5.60 seconds
[0m21:23:45.257958 [debug] [MainThread]: Sending event: {'category': 'dbt', 'action': 'invocation', 'label': 'end', 'context': [<snowplow_tracker.self_describing_json.SelfDescribingJson object at 0x000001A4345E7A10>, <snowplow_tracker.self_describing_json.SelfDescribingJson object at 0x000001A4172F87D0>, <snowplow_tracker.self_describing_json.SelfDescribingJson object at 0x000001A43349C550>]}
[0m21:23:45.258257 [debug] [MainThread]: Flushing usage events
[0m21:23:46.737990 [debug] [MainThread]: An error was encountered while trying to flush usage events
[0m23:05:28.364654 [debug] [MainThread]: Sending event: {'category': 'dbt', 'action': 'invocation', 'label': 'start', 'context': [<snowplow_tracker.self_describing_json.SelfDescribingJson object at 0x0000016B3659DD30>, <snowplow_tracker.self_describing_json.SelfDescribingJson object at 0x0000016B38BEBED0>, <snowplow_tracker.self_describing_json.SelfDescribingJson object at 0x0000016B38BEBD90>]}


============================== 23:05:28.368813 | 43dfa5a2-938b-4914-85c3-2b1b4dec95c7 ==============================
[0m23:05:28.368813 [info ] [MainThread]: Running with dbt=1.12.4
[0m23:05:28.369401 [debug] [MainThread]: running dbt with arguments {'maximum_seed_size_mib': '1', 'no_print': 'None', 'version_check': 'True', 'warn_error_options': 'WarnErrorOptionsV2(error=[], warn=[], silence=[])', 'target_path': 'None', 'static_parser': 'True', 'printer_width': '80', 'write_json': 'True', 'introspect': 'True', 'log_cache_events': 'False', 'empty': 'False', 'cache_selected_only': 'False', 'log_format': 'default', 'debug': 'False', 'fail_fast': 'False', 'partial_parse': 'True', 'send_anonymous_usage_stats': 'True', 'quiet': 'False', 'warn_error': 'None', 'profiles_dir': 'C:\\Users\\Ayush Badola\\.dbt', 'invocation_command': 'dbt run --select int_trek_weather', 'hints_enabled': 'True', 'indirect_selection': 'eager', 'use_experimental_parser': 'False', 'use_colors': 'True', 'log_path': 'C:\\7thsem\\uttarakhand-trek-intelligence\\pipeline\\dbt\\logs'}
[0m23:05:29.143528 [debug] [MainThread]: Snowflake adapter: Setting snowflake.connector to ERROR (file logging only)
[0m23:05:29.143966 [debug] [MainThread]: Snowflake adapter: Setting botocore to ERROR (file logging only)
[0m23:05:29.144227 [debug] [MainThread]: Snowflake adapter: Setting boto3 to ERROR (file logging only)
[0m23:05:29.377761 [debug] [MainThread]: Sending event: {'category': 'dbt', 'action': 'project_id', 'label': '43dfa5a2-938b-4914-85c3-2b1b4dec95c7', 'context': [<snowplow_tracker.self_describing_json.SelfDescribingJson object at 0x0000016B36AC29E0>]}
[0m23:05:29.429166 [debug] [MainThread]: Sending event: {'category': 'dbt', 'action': 'adapter_info', 'label': '43dfa5a2-938b-4914-85c3-2b1b4dec95c7', 'context': [<snowplow_tracker.self_describing_json.SelfDescribingJson object at 0x0000016B370D27A0>]}
[0m23:05:29.430814 [info ] [MainThread]: Registered adapter: snowflake=1.12.0
[0m23:05:29.728707 [debug] [MainThread]: checksum: 19eff4c7ce702b08bdb92bf312c3b132d953f93af96778c1547d783172635df9, vars: {}, profile: uttarakhand_trek, target: dev, version: 1.12.4
[0m23:05:29.849143 [debug] [MainThread]: Partial parsing enabled: 0 files deleted, 0 files added, 1 files changed.
[0m23:05:29.849639 [debug] [MainThread]: Partial parsing: updated file: uttarakhand_trek://models\intermediate\int_trek_weather.sql
[0m23:05:30.077189 [debug] [MainThread]: Sending event: {'category': 'dbt', 'action': 'load_project', 'label': '43dfa5a2-938b-4914-85c3-2b1b4dec95c7', 'context': [<snowplow_tracker.self_describing_json.SelfDescribingJson object at 0x0000016B52805D50>]}
[0m23:05:30.145944 [debug] [MainThread]: Wrote artifact WritableManifest to C:\7thsem\uttarakhand-trek-intelligence\pipeline\dbt\target\manifest.json
[0m23:05:30.149260 [debug] [MainThread]: Wrote artifact SemanticManifest to C:\7thsem\uttarakhand-trek-intelligence\pipeline\dbt\target\semantic_manifest.json
[0m23:05:30.177024 [debug] [MainThread]: Wrote artifact OsiDocument to C:\7thsem\uttarakhand-trek-intelligence\pipeline\dbt\target\osi_document.json
[0m23:05:30.190516 [debug] [MainThread]: Sending event: {'category': 'dbt', 'action': 'resource_counts', 'label': '43dfa5a2-938b-4914-85c3-2b1b4dec95c7', 'context': [<snowplow_tracker.self_describing_json.SelfDescribingJson object at 0x0000016B527CF6B0>]}
[0m23:05:30.191142 [info ] [MainThread]: Found 4 models, 2 sources, 545 macros
[0m23:05:30.191529 [debug] [MainThread]: Sending event: {'category': 'dbt', 'action': 'runnable_timing', 'label': '43dfa5a2-938b-4914-85c3-2b1b4dec95c7', 'context': [<snowplow_tracker.self_describing_json.SelfDescribingJson object at 0x0000016B52BBE190>]}
[0m23:05:30.192973 [info ] [MainThread]: 
[0m23:05:30.193438 [info ] [MainThread]: Concurrency: 4 threads (target='dev')
[0m23:05:30.193914 [info ] [MainThread]: 
[0m23:05:30.194445 [debug] [MainThread]: Acquiring new snowflake connection 'master'
[0m23:05:30.195326 [debug] [ThreadPool]: Acquiring new snowflake connection 'list_UTTARAKHAND_TREK_DB'
[0m23:05:30.207044 [debug] [ThreadPool]: Using snowflake connection "list_UTTARAKHAND_TREK_DB"
[0m23:05:30.207399 [debug] [ThreadPool]: On list_UTTARAKHAND_TREK_DB: show terse schemas in database UTTARAKHAND_TREK_DB
    limit 10000
/* {"app": "dbt", "dbt_version": "1.12.4", "profile_name": "uttarakhand_trek", "target_name": "dev", "connection_name": "list_UTTARAKHAND_TREK_DB"} */
[0m23:05:30.207631 [debug] [ThreadPool]: Opening a new connection, currently in state init
[0m23:05:31.483977 [debug] [ThreadPool]: SQL status: SUCCESS 3 in 1.276 seconds
[0m23:05:31.489742 [debug] [ThreadPool]: Acquiring new snowflake connection 'list_UTTARAKHAND_TREK_DB_TREK_ANALYTICS'
[0m23:05:31.498264 [debug] [ThreadPool]: Using snowflake connection "list_UTTARAKHAND_TREK_DB_TREK_ANALYTICS"
[0m23:05:31.498566 [debug] [ThreadPool]: On list_UTTARAKHAND_TREK_DB_TREK_ANALYTICS: show objects in UTTARAKHAND_TREK_DB.TREK_ANALYTICS
    limit 10000
    

/* {"app": "dbt", "dbt_version": "1.12.4", "profile_name": "uttarakhand_trek", "target_name": "dev", "connection_name": "list_UTTARAKHAND_TREK_DB_TREK_ANALYTICS"} */;
[0m23:05:31.498783 [debug] [ThreadPool]: Opening a new connection, currently in state init
[0m23:05:32.356831 [debug] [ThreadPool]: SQL status: SUCCESS 4 in 0.858 seconds
[0m23:05:32.361885 [debug] [ThreadPool]: Using snowflake connection "list_UTTARAKHAND_TREK_DB_TREK_ANALYTICS"
[0m23:05:32.362246 [debug] [ThreadPool]: On list_UTTARAKHAND_TREK_DB_TREK_ANALYTICS: show user functions in UTTARAKHAND_TREK_DB.TREK_ANALYTICS
/* {"app": "dbt", "dbt_version": "1.12.4", "profile_name": "uttarakhand_trek", "target_name": "dev", "connection_name": "list_UTTARAKHAND_TREK_DB_TREK_ANALYTICS"} */
[0m23:05:32.535304 [debug] [ThreadPool]: SQL status: SUCCESS 0 in 0.173 seconds
[0m23:05:32.538750 [debug] [MainThread]: Sending event: {'category': 'dbt', 'action': 'runnable_timing', 'label': '43dfa5a2-938b-4914-85c3-2b1b4dec95c7', 'context': [<snowplow_tracker.self_describing_json.SelfDescribingJson object at 0x0000016B52C6C530>]}
[0m23:05:32.544662 [debug] [Thread-2 (]: Began running node model.uttarakhand_trek.int_trek_weather
[0m23:05:32.545269 [info ] [Thread-2 (]: 1 of 1 START sql view model TREK_ANALYTICS.int_trek_weather .................... [RUN]
[0m23:05:32.545946 [debug] [Thread-2 (]: Acquiring new snowflake connection 'model.uttarakhand_trek.int_trek_weather'
[0m23:05:32.546350 [debug] [Thread-2 (]: Began compiling node model.uttarakhand_trek.int_trek_weather
[0m23:05:32.551550 [debug] [Thread-2 (]: Writing injected SQL for node "model.uttarakhand_trek.int_trek_weather"
[0m23:05:32.552479 [debug] [Thread-2 (]: Began executing node model.uttarakhand_trek.int_trek_weather
[0m23:05:32.575870 [debug] [Thread-2 (]: Writing runtime sql for node "model.uttarakhand_trek.int_trek_weather"
[0m23:05:32.577509 [debug] [Thread-2 (]: Using snowflake connection "model.uttarakhand_trek.int_trek_weather"
[0m23:05:32.577912 [debug] [Thread-2 (]: On model.uttarakhand_trek.int_trek_weather: create or replace   view UTTARAKHAND_TREK_DB.TREK_ANALYTICS.int_trek_weather
  
  
  
  
  as (
    

SELECT
    t.*,
    w."weather_records",
    w."avg_temperature_c",
    w."min_temperature_c",
    w."max_temperature_c",
    w."avg_humidity_pct",
    w."weather_date",
    w."weather_time",
    w."temperature_c",
    w."total_precipitation_mm",
    w."humidity_pct",
    w."avg_visibility_m",
    w."min_visibility_m",
    w."precipitation_mm",
    w."visibility_m",
    w."max_wind_speed_kmh",
    w."max_wind_gust_kmh",
    w."wind_speed_kmh",
    w."avg_condition_score",
    w."wind_gust_kmh",
    w."has_red_condition",
    w."temperature_category",
    w."precipitation_category",
    w."has_yellow_condition",
    w."overall_condition"
FROM UTTARAKHAND_TREK_DB.TREK_ANALYTICS.stg_treks t
LEFT JOIN UTTARAKHAND_TREK_DB.TREK_ANALYTICS.stg_weather w
    ON t."trek_id" = w."trek_id"
  )
/* {"app": "dbt", "dbt_version": "1.12.4", "profile_name": "uttarakhand_trek", "target_name": "dev", "node_id": "model.uttarakhand_trek.int_trek_weather"} */;
[0m23:05:32.578248 [debug] [Thread-2 (]: Opening a new connection, currently in state init
[0m23:05:33.422788 [debug] [Thread-2 (]: SQL status: SUCCESS 1 in 0.844 seconds
[0m23:05:33.441615 [debug] [Thread-2 (]: Sending event: {'category': 'dbt', 'action': 'run_model', 'label': '43dfa5a2-938b-4914-85c3-2b1b4dec95c7', 'context': [<snowplow_tracker.self_describing_json.SelfDescribingJson object at 0x0000016B52CB9910>]}
[0m23:05:33.442170 [info ] [Thread-2 (]: 1 of 1 OK created sql view model TREK_ANALYTICS.int_trek_weather ............... [[32mSUCCESS 1[0m in 0.89s]
[0m23:05:33.442849 [debug] [Thread-2 (]: Finished running node model.uttarakhand_trek.int_trek_weather
[0m23:05:33.444104 [debug] [MainThread]: Connection 'master' was properly closed.
[0m23:05:33.444342 [debug] [MainThread]: Connection 'list_UTTARAKHAND_TREK_DB' was left open.
[0m23:05:33.444560 [debug] [MainThread]: On list_UTTARAKHAND_TREK_DB: Close
[0m23:05:33.716221 [debug] [MainThread]: Connection 'list_UTTARAKHAND_TREK_DB_TREK_ANALYTICS' was left open.
[0m23:05:33.716585 [debug] [MainThread]: On list_UTTARAKHAND_TREK_DB_TREK_ANALYTICS: Close
[0m23:05:33.968228 [debug] [MainThread]: Connection 'model.uttarakhand_trek.int_trek_weather' was left open.
[0m23:05:33.968780 [debug] [MainThread]: On model.uttarakhand_trek.int_trek_weather: Close
[0m23:05:34.216562 [info ] [MainThread]: 
[0m23:05:34.217400 [info ] [MainThread]: Finished running 1 view model in 0 hours 0 minutes and 4.02 seconds (4.02s).
[0m23:05:34.218457 [debug] [MainThread]: Command end result
[0m23:05:34.247221 [debug] [MainThread]: Wrote artifact WritableManifest to C:\7thsem\uttarakhand-trek-intelligence\pipeline\dbt\target\manifest.json
[0m23:05:34.250587 [debug] [MainThread]: Wrote artifact SemanticManifest to C:\7thsem\uttarakhand-trek-intelligence\pipeline\dbt\target\semantic_manifest.json
[0m23:05:34.253503 [debug] [MainThread]: Wrote artifact OsiDocument to C:\7thsem\uttarakhand-trek-intelligence\pipeline\dbt\target\osi_document.json
[0m23:05:34.259393 [debug] [MainThread]: Wrote artifact RunExecutionResult to C:\7thsem\uttarakhand-trek-intelligence\pipeline\dbt\target\run_results.json
[0m23:05:34.259697 [info ] [MainThread]: 
[0m23:05:34.260155 [info ] [MainThread]: [32mCompleted successfully[0m
[0m23:05:34.260681 [info ] [MainThread]: 
[0m23:05:34.261098 [info ] [MainThread]: Done. PASS=1 WARN=0 ERROR=0 SKIP=0 NO-OP=0 REUSED=0 TOTAL=1
[0m23:05:34.262002 [debug] [MainThread]: Command `dbt run` succeeded at 23:05:34.261898 after 6.02 seconds
[0m23:05:34.262342 [debug] [MainThread]: Sending event: {'category': 'dbt', 'action': 'invocation', 'label': 'end', 'context': [<snowplow_tracker.self_describing_json.SelfDescribingJson object at 0x0000016B53D8B3E0>, <snowplow_tracker.self_describing_json.SelfDescribingJson object at 0x0000016B52C36A30>, <snowplow_tracker.self_describing_json.SelfDescribingJson object at 0x0000016B52C36CB0>]}
[0m23:05:34.262646 [debug] [MainThread]: Flushing usage events
[0m23:05:35.644437 [debug] [MainThread]: An error was encountered while trying to flush usage events
[0m23:05:45.116273 [debug] [MainThread]: Sending event: {'category': 'dbt', 'action': 'invocation', 'label': 'start', 'context': [<snowplow_tracker.self_describing_json.SelfDescribingJson object at 0x000002B6BE4DDD30>, <snowplow_tracker.self_describing_json.SelfDescribingJson object at 0x000002B6C0B27ED0>, <snowplow_tracker.self_describing_json.SelfDescribingJson object at 0x000002B6C0B27D90>]}


============================== 23:05:45.120192 | d73a304a-8d56-41dc-a8bd-4bdb02d13e3c ==============================
[0m23:05:45.120192 [info ] [MainThread]: Running with dbt=1.12.4
[0m23:05:45.120728 [debug] [MainThread]: running dbt with arguments {'version_check': 'True', 'no_print': 'None', 'static_parser': 'True', 'warn_error_options': 'WarnErrorOptionsV2(error=[], warn=[], silence=[])', 'target_path': 'None', 'maximum_seed_size_mib': '1', 'printer_width': '80', 'write_json': 'True', 'introspect': 'True', 'log_cache_events': 'False', 'empty': 'False', 'cache_selected_only': 'False', 'fail_fast': 'False', 'debug': 'False', 'log_format': 'default', 'partial_parse': 'True', 'send_anonymous_usage_stats': 'True', 'quiet': 'False', 'warn_error': 'None', 'profiles_dir': 'C:\\Users\\Ayush Badola\\.dbt', 'indirect_selection': 'eager', 'hints_enabled': 'True', 'invocation_command': 'dbt run', 'use_experimental_parser': 'False', 'use_colors': 'True', 'log_path': 'C:\\7thsem\\uttarakhand-trek-intelligence\\pipeline\\dbt\\logs'}
[0m23:05:45.842762 [debug] [MainThread]: Snowflake adapter: Setting snowflake.connector to ERROR (file logging only)
[0m23:05:45.843194 [debug] [MainThread]: Snowflake adapter: Setting botocore to ERROR (file logging only)
[0m23:05:45.843458 [debug] [MainThread]: Snowflake adapter: Setting boto3 to ERROR (file logging only)
[0m23:05:46.074488 [debug] [MainThread]: Sending event: {'category': 'dbt', 'action': 'project_id', 'label': 'd73a304a-8d56-41dc-a8bd-4bdb02d13e3c', 'context': [<snowplow_tracker.self_describing_json.SelfDescribingJson object at 0x000002B6BEA029E0>]}
[0m23:05:46.129450 [debug] [MainThread]: Sending event: {'category': 'dbt', 'action': 'adapter_info', 'label': 'd73a304a-8d56-41dc-a8bd-4bdb02d13e3c', 'context': [<snowplow_tracker.self_describing_json.SelfDescribingJson object at 0x000002B6BF0127A0>]}
[0m23:05:46.130933 [info ] [MainThread]: Registered adapter: snowflake=1.12.0
[0m23:05:46.435958 [debug] [MainThread]: checksum: 19eff4c7ce702b08bdb92bf312c3b132d953f93af96778c1547d783172635df9, vars: {}, profile: uttarakhand_trek, target: dev, version: 1.12.4
[0m23:05:46.554807 [debug] [MainThread]: Partial parsing enabled: 0 files deleted, 0 files added, 0 files changed.
[0m23:05:46.555144 [debug] [MainThread]: Nothing changed, skipping partial parsing.
[0m23:05:46.555360 [debug] [MainThread]: Partial parsing enabled, no changes found, skipping parsing
[0m23:05:46.562757 [debug] [MainThread]: Sending event: {'category': 'dbt', 'action': 'load_project', 'label': 'd73a304a-8d56-41dc-a8bd-4bdb02d13e3c', 'context': [<snowplow_tracker.self_describing_json.SelfDescribingJson object at 0x000002B6DA726E50>]}
[0m23:05:46.655596 [debug] [MainThread]: Wrote artifact WritableManifest to C:\7thsem\uttarakhand-trek-intelligence\pipeline\dbt\target\manifest.json
[0m23:05:46.658680 [debug] [MainThread]: Wrote artifact SemanticManifest to C:\7thsem\uttarakhand-trek-intelligence\pipeline\dbt\target\semantic_manifest.json
[0m23:05:46.681785 [debug] [MainThread]: Wrote artifact OsiDocument to C:\7thsem\uttarakhand-trek-intelligence\pipeline\dbt\target\osi_document.json
[0m23:05:46.693319 [debug] [MainThread]: Sending event: {'category': 'dbt', 'action': 'resource_counts', 'label': 'd73a304a-8d56-41dc-a8bd-4bdb02d13e3c', 'context': [<snowplow_tracker.self_describing_json.SelfDescribingJson object at 0x000002B6DA746A80>]}
[0m23:05:46.693749 [info ] [MainThread]: Found 4 models, 2 sources, 545 macros
[0m23:05:46.694144 [debug] [MainThread]: Sending event: {'category': 'dbt', 'action': 'runnable_timing', 'label': 'd73a304a-8d56-41dc-a8bd-4bdb02d13e3c', 'context': [<snowplow_tracker.self_describing_json.SelfDescribingJson object at 0x000002B6DA960670>]}
[0m23:05:46.695813 [info ] [MainThread]: 
[0m23:05:46.696259 [info ] [MainThread]: Concurrency: 4 threads (target='dev')
[0m23:05:46.696608 [info ] [MainThread]: 
[0m23:05:46.697118 [debug] [MainThread]: Acquiring new snowflake connection 'master'
[0m23:05:46.700925 [debug] [ThreadPool]: Acquiring new snowflake connection 'list_UTTARAKHAND_TREK_DB'
[0m23:05:46.715358 [debug] [ThreadPool]: Using snowflake connection "list_UTTARAKHAND_TREK_DB"
[0m23:05:46.716071 [debug] [ThreadPool]: On list_UTTARAKHAND_TREK_DB: show terse schemas in database UTTARAKHAND_TREK_DB
    limit 10000
/* {"app": "dbt", "dbt_version": "1.12.4", "profile_name": "uttarakhand_trek", "target_name": "dev", "connection_name": "list_UTTARAKHAND_TREK_DB"} */
[0m23:05:46.716348 [debug] [ThreadPool]: Opening a new connection, currently in state init
[0m23:05:48.566707 [debug] [ThreadPool]: SQL status: SUCCESS 3 in 1.850 seconds
[0m23:05:48.568890 [debug] [ThreadPool]: Acquiring new snowflake connection 'list_UTTARAKHAND_TREK_DB_TREK_ANALYTICS'
[0m23:05:48.577401 [debug] [ThreadPool]: Using snowflake connection "list_UTTARAKHAND_TREK_DB_TREK_ANALYTICS"
[0m23:05:48.577698 [debug] [ThreadPool]: On list_UTTARAKHAND_TREK_DB_TREK_ANALYTICS: show objects in UTTARAKHAND_TREK_DB.TREK_ANALYTICS
    limit 10000
    

/* {"app": "dbt", "dbt_version": "1.12.4", "profile_name": "uttarakhand_trek", "target_name": "dev", "connection_name": "list_UTTARAKHAND_TREK_DB_TREK_ANALYTICS"} */;
[0m23:05:48.577921 [debug] [ThreadPool]: Opening a new connection, currently in state init
[0m23:05:49.248213 [debug] [ThreadPool]: SQL status: SUCCESS 5 in 0.670 seconds
[0m23:05:49.253840 [debug] [ThreadPool]: Using snowflake connection "list_UTTARAKHAND_TREK_DB_TREK_ANALYTICS"
[0m23:05:49.254106 [debug] [ThreadPool]: On list_UTTARAKHAND_TREK_DB_TREK_ANALYTICS: show user functions in UTTARAKHAND_TREK_DB.TREK_ANALYTICS
/* {"app": "dbt", "dbt_version": "1.12.4", "profile_name": "uttarakhand_trek", "target_name": "dev", "connection_name": "list_UTTARAKHAND_TREK_DB_TREK_ANALYTICS"} */
[0m23:05:49.747853 [debug] [ThreadPool]: SQL status: SUCCESS 0 in 0.493 seconds
[0m23:05:49.751561 [debug] [MainThread]: Sending event: {'category': 'dbt', 'action': 'runnable_timing', 'label': 'd73a304a-8d56-41dc-a8bd-4bdb02d13e3c', 'context': [<snowplow_tracker.self_describing_json.SelfDescribingJson object at 0x000002B6DA7C7A00>]}
[0m23:05:49.758161 [debug] [Thread-2 (]: Began running node model.uttarakhand_trek.stg_treks
[0m23:05:49.758955 [debug] [Thread-3 (]: Began running node model.uttarakhand_trek.stg_weather
[0m23:05:49.758657 [info ] [Thread-2 (]: 1 of 4 START sql view model TREK_ANALYTICS.stg_treks ........................... [RUN]
[0m23:05:49.759785 [debug] [Thread-2 (]: Acquiring new snowflake connection 'model.uttarakhand_trek.stg_treks'
[0m23:05:49.760064 [debug] [Thread-2 (]: Began compiling node model.uttarakhand_trek.stg_treks
[0m23:05:49.764672 [debug] [Thread-2 (]: Writing injected SQL for node "model.uttarakhand_trek.stg_treks"
[0m23:05:49.759327 [info ] [Thread-3 (]: 2 of 4 START sql view model TREK_ANALYTICS.stg_weather ......................... [RUN]
[0m23:05:49.765370 [debug] [Thread-3 (]: Acquiring new snowflake connection 'model.uttarakhand_trek.stg_weather'
[0m23:05:49.765715 [debug] [Thread-3 (]: Began compiling node model.uttarakhand_trek.stg_weather
[0m23:05:49.767466 [debug] [Thread-3 (]: Writing injected SQL for node "model.uttarakhand_trek.stg_weather"
[0m23:05:49.768714 [debug] [Thread-3 (]: Began executing node model.uttarakhand_trek.stg_weather
[0m23:05:49.769205 [debug] [Thread-2 (]: Began executing node model.uttarakhand_trek.stg_treks
[0m23:05:49.793335 [debug] [Thread-3 (]: Writing runtime sql for node "model.uttarakhand_trek.stg_weather"
[0m23:05:49.795174 [debug] [Thread-2 (]: Writing runtime sql for node "model.uttarakhand_trek.stg_treks"
[0m23:05:49.796637 [debug] [Thread-3 (]: Using snowflake connection "model.uttarakhand_trek.stg_weather"
[0m23:05:49.797002 [debug] [Thread-3 (]: On model.uttarakhand_trek.stg_weather: create or replace   view UTTARAKHAND_TREK_DB.TREK_ANALYTICS.stg_weather
  
  
  
  
  as (
    

SELECT *
FROM UTTARAKHAND_TREK_DB.TREK_ANALYTICS.WEATHER_GOLD
  )
/* {"app": "dbt", "dbt_version": "1.12.4", "profile_name": "uttarakhand_trek", "target_name": "dev", "node_id": "model.uttarakhand_trek.stg_weather"} */;
[0m23:05:49.797288 [debug] [Thread-3 (]: Opening a new connection, currently in state init
[0m23:05:49.797963 [debug] [Thread-2 (]: Using snowflake connection "model.uttarakhand_trek.stg_treks"
[0m23:05:49.799294 [debug] [Thread-2 (]: On model.uttarakhand_trek.stg_treks: create or replace   view UTTARAKHAND_TREK_DB.TREK_ANALYTICS.stg_treks
  
  
  
  
  as (
    

SELECT *
FROM UTTARAKHAND_TREK_DB.TREK_ANALYTICS.TREKS_GOLD
  )
/* {"app": "dbt", "dbt_version": "1.12.4", "profile_name": "uttarakhand_trek", "target_name": "dev", "node_id": "model.uttarakhand_trek.stg_treks"} */;
[0m23:05:49.799608 [debug] [Thread-2 (]: Opening a new connection, currently in state init
[0m23:05:50.904418 [debug] [Thread-3 (]: SQL status: SUCCESS 1 in 1.107 seconds
[0m23:05:50.925821 [debug] [Thread-3 (]: Sending event: {'category': 'dbt', 'action': 'run_model', 'label': 'd73a304a-8d56-41dc-a8bd-4bdb02d13e3c', 'context': [<snowplow_tracker.self_describing_json.SelfDescribingJson object at 0x000002B6DA9BF410>]}
[0m23:05:50.926397 [info ] [Thread-3 (]: 2 of 4 OK created sql view model TREK_ANALYTICS.stg_weather .................... [[32mSUCCESS 1[0m in 1.16s]
[0m23:05:50.926948 [debug] [Thread-3 (]: Finished running node model.uttarakhand_trek.stg_weather
[0m23:05:51.110057 [debug] [Thread-2 (]: SQL status: SUCCESS 1 in 1.310 seconds
[0m23:05:51.113316 [debug] [Thread-2 (]: Sending event: {'category': 'dbt', 'action': 'run_model', 'label': 'd73a304a-8d56-41dc-a8bd-4bdb02d13e3c', 'context': [<snowplow_tracker.self_describing_json.SelfDescribingJson object at 0x000002B6DBABD7B0>]}
[0m23:05:51.113768 [info ] [Thread-2 (]: 1 of 4 OK created sql view model TREK_ANALYTICS.stg_treks ...................... [[32mSUCCESS 1[0m in 1.35s]
[0m23:05:51.114400 [debug] [Thread-2 (]: Finished running node model.uttarakhand_trek.stg_treks
[0m23:05:51.114935 [debug] [Thread-4 (]: Began running node model.uttarakhand_trek.int_trek_weather
[0m23:05:51.115287 [info ] [Thread-4 (]: 3 of 4 START sql view model TREK_ANALYTICS.int_trek_weather .................... [RUN]
[0m23:05:51.115904 [debug] [Thread-4 (]: Acquiring new snowflake connection 'model.uttarakhand_trek.int_trek_weather'
[0m23:05:51.116167 [debug] [Thread-4 (]: Began compiling node model.uttarakhand_trek.int_trek_weather
[0m23:05:51.118033 [debug] [Thread-4 (]: Writing injected SQL for node "model.uttarakhand_trek.int_trek_weather"
[0m23:05:51.118956 [debug] [Thread-4 (]: Began executing node model.uttarakhand_trek.int_trek_weather
[0m23:05:51.121326 [debug] [Thread-4 (]: Writing runtime sql for node "model.uttarakhand_trek.int_trek_weather"
[0m23:05:51.122441 [debug] [Thread-4 (]: Using snowflake connection "model.uttarakhand_trek.int_trek_weather"
[0m23:05:51.122760 [debug] [Thread-4 (]: On model.uttarakhand_trek.int_trek_weather: create or replace   view UTTARAKHAND_TREK_DB.TREK_ANALYTICS.int_trek_weather
  
  
  
  
  as (
    

SELECT
    t.*,
    w."weather_records",
    w."avg_temperature_c",
    w."min_temperature_c",
    w."max_temperature_c",
    w."avg_humidity_pct",
    w."weather_date",
    w."weather_time",
    w."temperature_c",
    w."total_precipitation_mm",
    w."humidity_pct",
    w."avg_visibility_m",
    w."min_visibility_m",
    w."precipitation_mm",
    w."visibility_m",
    w."max_wind_speed_kmh",
    w."max_wind_gust_kmh",
    w."wind_speed_kmh",
    w."avg_condition_score",
    w."wind_gust_kmh",
    w."has_red_condition",
    w."temperature_category",
    w."precipitation_category",
    w."has_yellow_condition",
    w."overall_condition"
FROM UTTARAKHAND_TREK_DB.TREK_ANALYTICS.stg_treks t
LEFT JOIN UTTARAKHAND_TREK_DB.TREK_ANALYTICS.stg_weather w
    ON t."trek_id" = w."trek_id"
  )
/* {"app": "dbt", "dbt_version": "1.12.4", "profile_name": "uttarakhand_trek", "target_name": "dev", "node_id": "model.uttarakhand_trek.int_trek_weather"} */;
[0m23:05:51.123030 [debug] [Thread-4 (]: Opening a new connection, currently in state init
[0m23:05:52.114047 [debug] [Thread-4 (]: SQL status: SUCCESS 1 in 0.991 seconds
[0m23:05:52.117410 [debug] [Thread-4 (]: Sending event: {'category': 'dbt', 'action': 'run_model', 'label': 'd73a304a-8d56-41dc-a8bd-4bdb02d13e3c', 'context': [<snowplow_tracker.self_describing_json.SelfDescribingJson object at 0x000002B6DA96D6D0>]}
[0m23:05:52.118083 [info ] [Thread-4 (]: 3 of 4 OK created sql view model TREK_ANALYTICS.int_trek_weather ............... [[32mSUCCESS 1[0m in 1.00s]
[0m23:05:52.118947 [debug] [Thread-4 (]: Finished running node model.uttarakhand_trek.int_trek_weather
[0m23:05:52.119494 [debug] [Thread-5 (]: Began running node model.uttarakhand_trek.trek_analytics
[0m23:05:52.119859 [info ] [Thread-5 (]: 4 of 4 START sql table model TREK_ANALYTICS.trek_analytics ..................... [RUN]
[0m23:05:52.120474 [debug] [Thread-5 (]: Acquiring new snowflake connection 'model.uttarakhand_trek.trek_analytics'
[0m23:05:52.120743 [debug] [Thread-5 (]: Began compiling node model.uttarakhand_trek.trek_analytics
[0m23:05:52.122308 [debug] [Thread-5 (]: Writing injected SQL for node "model.uttarakhand_trek.trek_analytics"
[0m23:05:52.123563 [debug] [Thread-5 (]: Began executing node model.uttarakhand_trek.trek_analytics
[0m23:05:52.144834 [debug] [Thread-5 (]: Writing runtime sql for node "model.uttarakhand_trek.trek_analytics"
[0m23:05:52.146796 [debug] [Thread-5 (]: Using snowflake connection "model.uttarakhand_trek.trek_analytics"
[0m23:05:52.147262 [debug] [Thread-5 (]: On model.uttarakhand_trek.trek_analytics: create or replace transient table UTTARAKHAND_TREK_DB.TREK_ANALYTICS.trek_analytics
    
    
    
    
    

    as (

SELECT *
FROM UTTARAKHAND_TREK_DB.TREK_ANALYTICS.int_trek_weather
    )

/* {"app": "dbt", "dbt_version": "1.12.4", "profile_name": "uttarakhand_trek", "target_name": "dev", "node_id": "model.uttarakhand_trek.trek_analytics"} */;
[0m23:05:52.147565 [debug] [Thread-5 (]: Opening a new connection, currently in state init
[0m23:05:54.621855 [debug] [Thread-5 (]: SQL status: SUCCESS 3120 in 2.474 seconds
[0m23:05:54.624476 [debug] [Thread-5 (]: Sending event: {'category': 'dbt', 'action': 'run_model', 'label': 'd73a304a-8d56-41dc-a8bd-4bdb02d13e3c', 'context': [<snowplow_tracker.self_describing_json.SelfDescribingJson object at 0x000002B6DA6D6ED0>]}
[0m23:05:54.625292 [info ] [Thread-5 (]: 4 of 4 OK created sql table model TREK_ANALYTICS.trek_analytics ................ [[32mSUCCESS 3120[0m in 2.50s]
[0m23:05:54.626040 [debug] [Thread-5 (]: Finished running node model.uttarakhand_trek.trek_analytics
[0m23:05:54.627335 [debug] [MainThread]: Connection 'master' was properly closed.
[0m23:05:54.627572 [debug] [MainThread]: Connection 'list_UTTARAKHAND_TREK_DB' was left open.
[0m23:05:54.627789 [debug] [MainThread]: On list_UTTARAKHAND_TREK_DB: Close
[0m23:05:54.857351 [debug] [MainThread]: Connection 'list_UTTARAKHAND_TREK_DB_TREK_ANALYTICS' was left open.
[0m23:05:54.857903 [debug] [MainThread]: On list_UTTARAKHAND_TREK_DB_TREK_ANALYTICS: Close
[0m23:05:55.078869 [debug] [MainThread]: Connection 'model.uttarakhand_trek.stg_treks' was left open.
[0m23:05:55.079451 [debug] [MainThread]: On model.uttarakhand_trek.stg_treks: Close
[0m23:05:55.323843 [debug] [MainThread]: Connection 'model.uttarakhand_trek.stg_weather' was left open.
[0m23:05:55.324392 [debug] [MainThread]: On model.uttarakhand_trek.stg_weather: Close
[0m23:05:55.551840 [debug] [MainThread]: Connection 'model.uttarakhand_trek.int_trek_weather' was left open.
[0m23:05:55.552407 [debug] [MainThread]: On model.uttarakhand_trek.int_trek_weather: Close
[0m23:05:55.795011 [debug] [MainThread]: Connection 'model.uttarakhand_trek.trek_analytics' was left open.
[0m23:05:55.795739 [debug] [MainThread]: On model.uttarakhand_trek.trek_analytics: Close
[0m23:05:56.044462 [info ] [MainThread]: 
[0m23:05:56.045335 [info ] [MainThread]: Finished running 1 table model, 3 view models in 0 hours 0 minutes and 9.35 seconds (9.35s).
[0m23:05:56.046570 [debug] [MainThread]: Command end result
[0m23:05:56.072902 [debug] [MainThread]: Wrote artifact WritableManifest to C:\7thsem\uttarakhand-trek-intelligence\pipeline\dbt\target\manifest.json
[0m23:05:56.076291 [debug] [MainThread]: Wrote artifact SemanticManifest to C:\7thsem\uttarakhand-trek-intelligence\pipeline\dbt\target\semantic_manifest.json
[0m23:05:56.079551 [debug] [MainThread]: Wrote artifact OsiDocument to C:\7thsem\uttarakhand-trek-intelligence\pipeline\dbt\target\osi_document.json
[0m23:05:56.087073 [debug] [MainThread]: Wrote artifact RunExecutionResult to C:\7thsem\uttarakhand-trek-intelligence\pipeline\dbt\target\run_results.json
[0m23:05:56.087683 [info ] [MainThread]: 
[0m23:05:56.088455 [info ] [MainThread]: [32mCompleted successfully[0m
[0m23:05:56.089019 [info ] [MainThread]: 
[0m23:05:56.089590 [info ] [MainThread]: Done. PASS=4 WARN=0 ERROR=0 SKIP=0 NO-OP=0 REUSED=0 TOTAL=4
[0m23:05:56.091161 [debug] [MainThread]: Command `dbt run` succeeded at 23:05:56.090960 after 11.08 seconds
[0m23:05:56.091750 [debug] [MainThread]: Sending event: {'category': 'dbt', 'action': 'invocation', 'label': 'end', 'context': [<snowplow_tracker.self_describing_json.SelfDescribingJson object at 0x000002B6C0B4EDD0>, <snowplow_tracker.self_describing_json.SelfDescribingJson object at 0x000002B6C091BF50>, <snowplow_tracker.self_describing_json.SelfDescribingJson object at 0x000002B6BE951F70>]}
[0m23:05:56.092250 [debug] [MainThread]: Flushing usage events
[0m23:05:57.805084 [debug] [MainThread]: An error was encountered while trying to flush usage events
[0m23:06:15.156810 [debug] [MainThread]: Sending event: {'category': 'dbt', 'action': 'invocation', 'label': 'start', 'context': [<snowplow_tracker.self_describing_json.SelfDescribingJson object at 0x0000012F4583DD30>, <snowplow_tracker.self_describing_json.SelfDescribingJson object at 0x0000012F47E8BED0>, <snowplow_tracker.self_describing_json.SelfDescribingJson object at 0x0000012F47E8BD90>]}


============================== 23:06:15.160736 | b94974f0-3555-475a-90b2-de76d488c19b ==============================
[0m23:06:15.160736 [info ] [MainThread]: Running with dbt=1.12.4
[0m23:06:15.161285 [debug] [MainThread]: running dbt with arguments {'version_check': 'True', 'no_print': 'None', 'static_parser': 'True', 'target_path': 'None', 'maximum_seed_size_mib': '1', 'warn_error_options': 'WarnErrorOptionsV2(error=[], warn=[], silence=[])', 'printer_width': '80', 'write_json': 'True', 'empty': 'None', 'log_cache_events': 'False', 'introspect': 'True', 'cache_selected_only': 'False', 'log_format': 'default', 'debug': 'False', 'fail_fast': 'False', 'profiles_dir': 'C:\\Users\\Ayush Badola\\.dbt', 'send_anonymous_usage_stats': 'True', 'quiet': 'False', 'warn_error': 'None', 'partial_parse': 'True', 'use_colors': 'True', 'hints_enabled': 'True', 'invocation_command': 'dbt test', 'use_experimental_parser': 'False', 'indirect_selection': 'eager', 'log_path': 'C:\\7thsem\\uttarakhand-trek-intelligence\\pipeline\\dbt\\logs'}
[0m23:06:15.888747 [debug] [MainThread]: Snowflake adapter: Setting snowflake.connector to ERROR (file logging only)
[0m23:06:15.889200 [debug] [MainThread]: Snowflake adapter: Setting botocore to ERROR (file logging only)
[0m23:06:15.889505 [debug] [MainThread]: Snowflake adapter: Setting boto3 to ERROR (file logging only)
[0m23:06:16.111559 [debug] [MainThread]: Sending event: {'category': 'dbt', 'action': 'project_id', 'label': 'b94974f0-3555-475a-90b2-de76d488c19b', 'context': [<snowplow_tracker.self_describing_json.SelfDescribingJson object at 0x0000012F45D5E9E0>]}
[0m23:06:16.162829 [debug] [MainThread]: Sending event: {'category': 'dbt', 'action': 'adapter_info', 'label': 'b94974f0-3555-475a-90b2-de76d488c19b', 'context': [<snowplow_tracker.self_describing_json.SelfDescribingJson object at 0x0000012F463727A0>]}
[0m23:06:16.164293 [info ] [MainThread]: Registered adapter: snowflake=1.12.0
[0m23:06:16.473100 [debug] [MainThread]: checksum: 19eff4c7ce702b08bdb92bf312c3b132d953f93af96778c1547d783172635df9, vars: {}, profile: uttarakhand_trek, target: dev, version: 1.12.4
[0m23:06:16.589165 [debug] [MainThread]: Partial parsing enabled: 0 files deleted, 0 files added, 0 files changed.
[0m23:06:16.589510 [debug] [MainThread]: Nothing changed, skipping partial parsing.
[0m23:06:16.589734 [debug] [MainThread]: Partial parsing enabled, no changes found, skipping parsing
[0m23:06:16.597139 [debug] [MainThread]: Sending event: {'category': 'dbt', 'action': 'load_project', 'label': 'b94974f0-3555-475a-90b2-de76d488c19b', 'context': [<snowplow_tracker.self_describing_json.SelfDescribingJson object at 0x0000012F61A36E50>]}
[0m23:06:16.689839 [debug] [MainThread]: Wrote artifact WritableManifest to C:\7thsem\uttarakhand-trek-intelligence\pipeline\dbt\target\manifest.json
[0m23:06:16.692977 [debug] [MainThread]: Wrote artifact SemanticManifest to C:\7thsem\uttarakhand-trek-intelligence\pipeline\dbt\target\semantic_manifest.json
[0m23:06:16.716667 [debug] [MainThread]: Wrote artifact OsiDocument to C:\7thsem\uttarakhand-trek-intelligence\pipeline\dbt\target\osi_document.json
[0m23:06:16.736886 [debug] [MainThread]: Sending event: {'category': 'dbt', 'action': 'resource_counts', 'label': 'b94974f0-3555-475a-90b2-de76d488c19b', 'context': [<snowplow_tracker.self_describing_json.SelfDescribingJson object at 0x0000012F61CBA120>]}
[0m23:06:16.737348 [info ] [MainThread]: Found 4 models, 2 sources, 545 macros
[0m23:06:16.737771 [debug] [MainThread]: Sending event: {'category': 'dbt', 'action': 'runnable_timing', 'label': 'b94974f0-3555-475a-90b2-de76d488c19b', 'context': [<snowplow_tracker.self_describing_json.SelfDescribingJson object at 0x0000012F61D0CC90>]}
[0m23:06:16.739214 [warn ] [MainThread]: [[33mWARNING[0m]: Nothing to do. Try checking your model configs and model specification args
[0m23:06:16.741039 [debug] [MainThread]: Command end result
[0m23:06:16.767923 [debug] [MainThread]: Wrote artifact WritableManifest to C:\7thsem\uttarakhand-trek-intelligence\pipeline\dbt\target\manifest.json
[0m23:06:16.770916 [debug] [MainThread]: Wrote artifact SemanticManifest to C:\7thsem\uttarakhand-trek-intelligence\pipeline\dbt\target\semantic_manifest.json
[0m23:06:16.773696 [debug] [MainThread]: Wrote artifact OsiDocument to C:\7thsem\uttarakhand-trek-intelligence\pipeline\dbt\target\osi_document.json
[0m23:06:16.776836 [debug] [MainThread]: Wrote artifact RunExecutionResult to C:\7thsem\uttarakhand-trek-intelligence\pipeline\dbt\target\run_results.json
[0m23:06:16.777789 [debug] [MainThread]: Command `dbt test` succeeded at 23:06:16.777668 after 1.73 seconds
[0m23:06:16.778108 [debug] [MainThread]: Sending event: {'category': 'dbt', 'action': 'invocation', 'label': 'end', 'context': [<snowplow_tracker.self_describing_json.SelfDescribingJson object at 0x0000012F61A97040>, <snowplow_tracker.self_describing_json.SelfDescribingJson object at 0x0000012F47B73E90>, <snowplow_tracker.self_describing_json.SelfDescribingJson object at 0x0000012F61C9C710>]}
[0m23:06:16.778405 [debug] [MainThread]: Flushing usage events
[0m23:06:18.111603 [debug] [MainThread]: An error was encountered while trying to flush usage events
[0m23:08:03.254754 [debug] [MainThread]: Sending event: {'category': 'dbt', 'action': 'invocation', 'label': 'start', 'context': [<snowplow_tracker.self_describing_json.SelfDescribingJson object at 0x000002592231DD30>, <snowplow_tracker.self_describing_json.SelfDescribingJson object at 0x0000025924977ED0>, <snowplow_tracker.self_describing_json.SelfDescribingJson object at 0x0000025924977D90>]}


============================== 23:08:03.258566 | 53caaf1c-b82e-43b7-9d3f-7513ce62f55b ==============================
[0m23:08:03.258566 [info ] [MainThread]: Running with dbt=1.12.4
[0m23:08:03.259229 [debug] [MainThread]: running dbt with arguments {'static_parser': 'True', 'no_print': 'None', 'maximum_seed_size_mib': '1', 'target_path': 'None', 'version_check': 'True', 'warn_error_options': 'WarnErrorOptionsV2(error=[], warn=[], silence=[])', 'printer_width': '80', 'write_json': 'True', 'empty': 'None', 'log_cache_events': 'False', 'introspect': 'True', 'cache_selected_only': 'False', 'fail_fast': 'False', 'debug': 'False', 'log_format': 'default', 'profiles_dir': 'C:\\Users\\Ayush Badola\\.dbt', 'send_anonymous_usage_stats': 'True', 'quiet': 'False', 'warn_error': 'None', 'partial_parse': 'True', 'invocation_command': 'dbt test', 'hints_enabled': 'True', 'indirect_selection': 'eager', 'use_experimental_parser': 'False', 'use_colors': 'True', 'log_path': 'C:\\7thsem\\uttarakhand-trek-intelligence\\pipeline\\dbt\\logs'}
[0m23:08:03.989519 [debug] [MainThread]: Snowflake adapter: Setting snowflake.connector to ERROR (file logging only)
[0m23:08:03.989949 [debug] [MainThread]: Snowflake adapter: Setting botocore to ERROR (file logging only)
[0m23:08:03.990224 [debug] [MainThread]: Snowflake adapter: Setting boto3 to ERROR (file logging only)
[0m23:08:04.211722 [debug] [MainThread]: Sending event: {'category': 'dbt', 'action': 'project_id', 'label': '53caaf1c-b82e-43b7-9d3f-7513ce62f55b', 'context': [<snowplow_tracker.self_describing_json.SelfDescribingJson object at 0x00000259228529E0>]}
[0m23:08:04.262516 [debug] [MainThread]: Sending event: {'category': 'dbt', 'action': 'adapter_info', 'label': '53caaf1c-b82e-43b7-9d3f-7513ce62f55b', 'context': [<snowplow_tracker.self_describing_json.SelfDescribingJson object at 0x0000025922E627A0>]}
[0m23:08:04.263913 [info ] [MainThread]: Registered adapter: snowflake=1.12.0
[0m23:08:04.584967 [debug] [MainThread]: checksum: 19eff4c7ce702b08bdb92bf312c3b132d953f93af96778c1547d783172635df9, vars: {}, profile: uttarakhand_trek, target: dev, version: 1.12.4
[0m23:08:04.706808 [debug] [MainThread]: Partial parsing enabled: 0 files deleted, 1 files added, 0 files changed.
[0m23:08:04.707331 [debug] [MainThread]: Partial parsing: added file: uttarakhand_trek://models\schema.yml
[0m23:08:05.053985 [debug] [MainThread]: Sending event: {'category': 'dbt', 'action': 'load_project', 'label': '53caaf1c-b82e-43b7-9d3f-7513ce62f55b', 'context': [<snowplow_tracker.self_describing_json.SelfDescribingJson object at 0x000002593E5A7250>]}
[0m23:08:05.141152 [debug] [MainThread]: Wrote artifact WritableManifest to C:\7thsem\uttarakhand-trek-intelligence\pipeline\dbt\target\manifest.json
[0m23:08:05.144098 [debug] [MainThread]: Wrote artifact SemanticManifest to C:\7thsem\uttarakhand-trek-intelligence\pipeline\dbt\target\semantic_manifest.json
[0m23:08:05.166965 [debug] [MainThread]: Wrote artifact OsiDocument to C:\7thsem\uttarakhand-trek-intelligence\pipeline\dbt\target\osi_document.json
[0m23:08:05.186488 [debug] [MainThread]: Sending event: {'category': 'dbt', 'action': 'resource_counts', 'label': '53caaf1c-b82e-43b7-9d3f-7513ce62f55b', 'context': [<snowplow_tracker.self_describing_json.SelfDescribingJson object at 0x000002593FB2C500>]}
[0m23:08:05.187009 [info ] [MainThread]: Found 4 models, 5 data tests, 2 sources, 545 macros
[0m23:08:05.187408 [debug] [MainThread]: Sending event: {'category': 'dbt', 'action': 'runnable_timing', 'label': '53caaf1c-b82e-43b7-9d3f-7513ce62f55b', 'context': [<snowplow_tracker.self_describing_json.SelfDescribingJson object at 0x000002593EA7B690>]}
[0m23:08:05.189149 [info ] [MainThread]: 
[0m23:08:05.189712 [info ] [MainThread]: Concurrency: 4 threads (target='dev')
[0m23:08:05.190190 [info ] [MainThread]: 
[0m23:08:05.190761 [debug] [MainThread]: Acquiring new snowflake connection 'master'
[0m23:08:05.195137 [debug] [ThreadPool]: Acquiring new snowflake connection 'list_UTTARAKHAND_TREK_DB_TREK_ANALYTICS'
[0m23:08:05.215156 [debug] [ThreadPool]: Using snowflake connection "list_UTTARAKHAND_TREK_DB_TREK_ANALYTICS"
[0m23:08:05.215578 [debug] [ThreadPool]: On list_UTTARAKHAND_TREK_DB_TREK_ANALYTICS: show objects in UTTARAKHAND_TREK_DB.TREK_ANALYTICS
    limit 10000
    

/* {"app": "dbt", "dbt_version": "1.12.4", "profile_name": "uttarakhand_trek", "target_name": "dev", "connection_name": "list_UTTARAKHAND_TREK_DB_TREK_ANALYTICS"} */;
[0m23:08:05.215883 [debug] [ThreadPool]: Opening a new connection, currently in state init
[0m23:08:07.701365 [debug] [ThreadPool]: SQL status: SUCCESS 6 in 2.485 seconds
[0m23:08:07.706776 [debug] [ThreadPool]: Using snowflake connection "list_UTTARAKHAND_TREK_DB_TREK_ANALYTICS"
[0m23:08:07.707081 [debug] [ThreadPool]: On list_UTTARAKHAND_TREK_DB_TREK_ANALYTICS: show user functions in UTTARAKHAND_TREK_DB.TREK_ANALYTICS
/* {"app": "dbt", "dbt_version": "1.12.4", "profile_name": "uttarakhand_trek", "target_name": "dev", "connection_name": "list_UTTARAKHAND_TREK_DB_TREK_ANALYTICS"} */
[0m23:08:07.899400 [debug] [ThreadPool]: SQL status: SUCCESS 0 in 0.192 seconds
[0m23:08:07.903137 [debug] [MainThread]: Sending event: {'category': 'dbt', 'action': 'runnable_timing', 'label': '53caaf1c-b82e-43b7-9d3f-7513ce62f55b', 'context': [<snowplow_tracker.self_describing_json.SelfDescribingJson object at 0x000002593FABBE10>]}
[0m23:08:07.907652 [debug] [Thread-2 (]: Began running node test.uttarakhand_trek.not_null_int_trek_weather_trek_id.807c7e690b
[0m23:08:07.908408 [debug] [Thread-3 (]: Began running node test.uttarakhand_trek.not_null_stg_treks_trek_id.4694e69af8
[0m23:08:07.908816 [debug] [Thread-4 (]: Began running node test.uttarakhand_trek.not_null_stg_weather_trek_id.a0d6b2c03a
[0m23:08:07.908077 [info ] [Thread-2 (]: 1 of 5 START test not_null_int_trek_weather_trek_id ............................ [RUN]
[0m23:08:07.909197 [debug] [Thread-5 (]: Began running node test.uttarakhand_trek.not_null_trek_analytics_trek_id.f3f982a9eb
[0m23:08:07.909458 [info ] [Thread-3 (]: 2 of 5 START test not_null_stg_treks_trek_id ................................... [RUN]
[0m23:08:07.910240 [debug] [Thread-2 (]: Acquiring new snowflake connection 'test.uttarakhand_trek.not_null_int_trek_weather_trek_id.807c7e690b'
[0m23:08:07.910991 [debug] [Thread-3 (]: Acquiring new snowflake connection 'test.uttarakhand_trek.not_null_stg_treks_trek_id.4694e69af8'
[0m23:08:07.909728 [info ] [Thread-4 (]: 3 of 5 START test not_null_stg_weather_trek_id ................................. [RUN]
[0m23:08:07.911372 [debug] [Thread-2 (]: Began compiling node test.uttarakhand_trek.not_null_int_trek_weather_trek_id.807c7e690b
[0m23:08:07.911637 [debug] [Thread-3 (]: Began compiling node test.uttarakhand_trek.not_null_stg_treks_trek_id.4694e69af8
[0m23:08:07.910562 [info ] [Thread-5 (]: 4 of 5 START test not_null_trek_analytics_trek_id .............................. [RUN]
[0m23:08:07.912163 [debug] [Thread-4 (]: Acquiring new snowflake connection 'test.uttarakhand_trek.not_null_stg_weather_trek_id.a0d6b2c03a'
[0m23:08:07.933036 [debug] [Thread-3 (]: Writing injected SQL for node "test.uttarakhand_trek.not_null_stg_treks_trek_id.4694e69af8"
[0m23:08:07.934694 [debug] [Thread-2 (]: Writing injected SQL for node "test.uttarakhand_trek.not_null_int_trek_weather_trek_id.807c7e690b"
[0m23:08:07.935410 [debug] [Thread-5 (]: Acquiring new snowflake connection 'test.uttarakhand_trek.not_null_trek_analytics_trek_id.f3f982a9eb'
[0m23:08:07.935911 [debug] [Thread-4 (]: Began compiling node test.uttarakhand_trek.not_null_stg_weather_trek_id.a0d6b2c03a
[0m23:08:07.936460 [debug] [Thread-5 (]: Began compiling node test.uttarakhand_trek.not_null_trek_analytics_trek_id.f3f982a9eb
[0m23:08:07.942032 [debug] [Thread-4 (]: Writing injected SQL for node "test.uttarakhand_trek.not_null_stg_weather_trek_id.a0d6b2c03a"
[0m23:08:07.947635 [debug] [Thread-5 (]: Writing injected SQL for node "test.uttarakhand_trek.not_null_trek_analytics_trek_id.f3f982a9eb"
[0m23:08:07.948499 [debug] [Thread-3 (]: Began executing node test.uttarakhand_trek.not_null_stg_treks_trek_id.4694e69af8
[0m23:08:07.966101 [debug] [Thread-3 (]: Writing runtime sql for node "test.uttarakhand_trek.not_null_stg_treks_trek_id.4694e69af8"
[0m23:08:07.966924 [debug] [Thread-2 (]: Began executing node test.uttarakhand_trek.not_null_int_trek_weather_trek_id.807c7e690b
[0m23:08:07.968623 [debug] [Thread-2 (]: Writing runtime sql for node "test.uttarakhand_trek.not_null_int_trek_weather_trek_id.807c7e690b"
[0m23:08:07.969053 [debug] [Thread-5 (]: Began executing node test.uttarakhand_trek.not_null_trek_analytics_trek_id.f3f982a9eb
[0m23:08:07.970635 [debug] [Thread-5 (]: Writing runtime sql for node "test.uttarakhand_trek.not_null_trek_analytics_trek_id.f3f982a9eb"
[0m23:08:07.971122 [debug] [Thread-4 (]: Began executing node test.uttarakhand_trek.not_null_stg_weather_trek_id.a0d6b2c03a
[0m23:08:07.972727 [debug] [Thread-4 (]: Writing runtime sql for node "test.uttarakhand_trek.not_null_stg_weather_trek_id.a0d6b2c03a"
[0m23:08:07.973731 [debug] [Thread-3 (]: Using snowflake connection "test.uttarakhand_trek.not_null_stg_treks_trek_id.4694e69af8"
[0m23:08:07.974060 [debug] [Thread-3 (]: On test.uttarakhand_trek.not_null_stg_treks_trek_id.4694e69af8: select
      count(*) as failures,
      count(*) != 0 as should_warn,
      count(*) != 0 as should_error
    from (
      
    
  
    
    



select trek_id
from UTTARAKHAND_TREK_DB.TREK_ANALYTICS.stg_treks
where trek_id is null



  
  
      
    ) dbt_internal_test
/* {"app": "dbt", "dbt_version": "1.12.4", "profile_name": "uttarakhand_trek", "target_name": "dev", "node_id": "test.uttarakhand_trek.not_null_stg_treks_trek_id.4694e69af8"} */
[0m23:08:07.974342 [debug] [Thread-3 (]: Opening a new connection, currently in state init
[0m23:08:07.975388 [debug] [Thread-5 (]: Using snowflake connection "test.uttarakhand_trek.not_null_trek_analytics_trek_id.f3f982a9eb"
[0m23:08:07.975759 [debug] [Thread-5 (]: On test.uttarakhand_trek.not_null_trek_analytics_trek_id.f3f982a9eb: select
      count(*) as failures,
      count(*) != 0 as should_warn,
      count(*) != 0 as should_error
    from (
      
    
  
    
    



select trek_id
from UTTARAKHAND_TREK_DB.TREK_ANALYTICS.trek_analytics
where trek_id is null



  
  
      
    ) dbt_internal_test
/* {"app": "dbt", "dbt_version": "1.12.4", "profile_name": "uttarakhand_trek", "target_name": "dev", "node_id": "test.uttarakhand_trek.not_null_trek_analytics_trek_id.f3f982a9eb"} */
[0m23:08:07.976302 [debug] [Thread-2 (]: Using snowflake connection "test.uttarakhand_trek.not_null_int_trek_weather_trek_id.807c7e690b"
[0m23:08:07.976774 [debug] [Thread-5 (]: Opening a new connection, currently in state init
[0m23:08:07.977144 [debug] [Thread-2 (]: On test.uttarakhand_trek.not_null_int_trek_weather_trek_id.807c7e690b: select
      count(*) as failures,
      count(*) != 0 as should_warn,
      count(*) != 0 as should_error
    from (
      
    
  
    
    



select trek_id
from UTTARAKHAND_TREK_DB.TREK_ANALYTICS.int_trek_weather
where trek_id is null



  
  
      
    ) dbt_internal_test
/* {"app": "dbt", "dbt_version": "1.12.4", "profile_name": "uttarakhand_trek", "target_name": "dev", "node_id": "test.uttarakhand_trek.not_null_int_trek_weather_trek_id.807c7e690b"} */
[0m23:08:07.978393 [debug] [Thread-4 (]: Using snowflake connection "test.uttarakhand_trek.not_null_stg_weather_trek_id.a0d6b2c03a"
[0m23:08:07.978981 [debug] [Thread-2 (]: Opening a new connection, currently in state init
[0m23:08:07.979882 [debug] [Thread-4 (]: On test.uttarakhand_trek.not_null_stg_weather_trek_id.a0d6b2c03a: select
      count(*) as failures,
      count(*) != 0 as should_warn,
      count(*) != 0 as should_error
    from (
      
    
  
    
    



select trek_id
from UTTARAKHAND_TREK_DB.TREK_ANALYTICS.stg_weather
where trek_id is null



  
  
      
    ) dbt_internal_test
/* {"app": "dbt", "dbt_version": "1.12.4", "profile_name": "uttarakhand_trek", "target_name": "dev", "node_id": "test.uttarakhand_trek.not_null_stg_weather_trek_id.a0d6b2c03a"} */
[0m23:08:07.981354 [debug] [Thread-4 (]: Opening a new connection, currently in state init
[0m23:08:08.631886 [debug] [Thread-5 (]: Snowflake adapter: Snowflake query id: 01c70c42-3203-5bed-0018-426a00016112
[0m23:08:08.632305 [debug] [Thread-5 (]: Snowflake adapter: Snowflake error: 000904 (42000): SQL compilation error: error line 14 at position 7
invalid identifier 'TREK_ID'
[0m23:08:08.637666 [debug] [Thread-5 (]: Database Error in test not_null_trek_analytics_trek_id (models\schema.yml)
  000904 (42000): SQL compilation error: error line 14 at position 7
  invalid identifier 'TREK_ID'
  compiled code at target\run\uttarakhand_trek\models\schema.yml\not_null_trek_analytics_trek_id.sql
[0m23:08:08.638193 [error] [Thread-5 (]: 4 of 5 ERROR not_null_trek_analytics_trek_id ................................... [[31mERROR[0m in 0.70s]
[0m23:08:08.638890 [debug] [Thread-5 (]: Finished running node test.uttarakhand_trek.not_null_trek_analytics_trek_id.f3f982a9eb
[0m23:08:08.639237 [debug] [Thread-5 (]: Began running node test.uttarakhand_trek.unique_stg_treks_trek_id.0647fa0ee9
[0m23:08:08.639705 [debug] [Thread-8 (]: Marking all children of 'test.uttarakhand_trek.not_null_trek_analytics_trek_id.f3f982a9eb' to be skipped because of status 'error'.  Reason: Database Error in test not_null_trek_analytics_trek_id (models\schema.yml)
  000904 (42000): SQL compilation error: error line 14 at position 7
  invalid identifier 'TREK_ID'
  compiled code at target\run\uttarakhand_trek\models\schema.yml\not_null_trek_analytics_trek_id.sql.
[0m23:08:08.640043 [info ] [Thread-5 (]: 5 of 5 START test unique_stg_treks_trek_id ..................................... [RUN]
[0m23:08:08.641060 [debug] [Thread-5 (]: Re-using an available connection from the pool (formerly test.uttarakhand_trek.not_null_trek_analytics_trek_id.f3f982a9eb, now test.uttarakhand_trek.unique_stg_treks_trek_id.0647fa0ee9)
[0m23:08:08.641372 [debug] [Thread-5 (]: Began compiling node test.uttarakhand_trek.unique_stg_treks_trek_id.0647fa0ee9
[0m23:08:08.649340 [debug] [Thread-5 (]: Writing injected SQL for node "test.uttarakhand_trek.unique_stg_treks_trek_id.0647fa0ee9"
[0m23:08:08.650380 [debug] [Thread-5 (]: Began executing node test.uttarakhand_trek.unique_stg_treks_trek_id.0647fa0ee9
[0m23:08:08.652596 [debug] [Thread-5 (]: Writing runtime sql for node "test.uttarakhand_trek.unique_stg_treks_trek_id.0647fa0ee9"
[0m23:08:08.653926 [debug] [Thread-5 (]: Using snowflake connection "test.uttarakhand_trek.unique_stg_treks_trek_id.0647fa0ee9"
[0m23:08:08.654300 [debug] [Thread-5 (]: On test.uttarakhand_trek.unique_stg_treks_trek_id.0647fa0ee9: select
      count(*) as failures,
      count(*) != 0 as should_warn,
      count(*) != 0 as should_error
    from (
      
    
  
    
    

select
    trek_id as unique_field,
    count(*) as n_records

from UTTARAKHAND_TREK_DB.TREK_ANALYTICS.stg_treks
where trek_id is not null
group by trek_id
having count(*) > 1



  
  
      
    ) dbt_internal_test
/* {"app": "dbt", "dbt_version": "1.12.4", "profile_name": "uttarakhand_trek", "target_name": "dev", "node_id": "test.uttarakhand_trek.unique_stg_treks_trek_id.0647fa0ee9"} */
[0m23:08:08.659958 [debug] [Thread-4 (]: Snowflake adapter: Snowflake query id: 01c70c42-3203-5bbb-0018-426a000105de
[0m23:08:08.660467 [debug] [Thread-4 (]: Snowflake adapter: Snowflake error: 000904 (42000): SQL compilation error: error line 14 at position 7
invalid identifier 'TREK_ID'
[0m23:08:08.662306 [debug] [Thread-2 (]: Snowflake adapter: Snowflake query id: 01c70c42-3203-5bbb-0018-426a000105e2
[0m23:08:08.662733 [debug] [Thread-2 (]: Snowflake adapter: Snowflake error: 000904 (42000): SQL compilation error: error line 14 at position 7
invalid identifier 'TREK_ID'
[0m23:08:08.669368 [debug] [Thread-4 (]: Database Error in test not_null_stg_weather_trek_id (models\schema.yml)
  000904 (42000): SQL compilation error: error line 14 at position 7
  invalid identifier 'TREK_ID'
  compiled code at target\run\uttarakhand_trek\models\schema.yml\not_null_stg_weather_trek_id.sql
[0m23:08:08.670025 [error] [Thread-4 (]: 3 of 5 ERROR not_null_stg_weather_trek_id ...................................... [[31mERROR[0m in 0.76s]
[0m23:08:08.672953 [debug] [Thread-4 (]: Finished running node test.uttarakhand_trek.not_null_stg_weather_trek_id.a0d6b2c03a
[0m23:08:08.673574 [debug] [Thread-8 (]: Marking all children of 'test.uttarakhand_trek.not_null_stg_weather_trek_id.a0d6b2c03a' to be skipped because of status 'error'.  Reason: Database Error in test not_null_stg_weather_trek_id (models\schema.yml)
  000904 (42000): SQL compilation error: error line 14 at position 7
  invalid identifier 'TREK_ID'
  compiled code at target\run\uttarakhand_trek\models\schema.yml\not_null_stg_weather_trek_id.sql.
[0m23:08:08.674248 [debug] [Thread-2 (]: Database Error in test not_null_int_trek_weather_trek_id (models\schema.yml)
  000904 (42000): SQL compilation error: error line 14 at position 7
  invalid identifier 'TREK_ID'
  compiled code at target\run\uttarakhand_trek\models\schema.yml\not_null_int_trek_weather_trek_id.sql
[0m23:08:08.674756 [error] [Thread-2 (]: 1 of 5 ERROR not_null_int_trek_weather_trek_id ................................. [[31mERROR[0m in 0.76s]
[0m23:08:08.675328 [debug] [Thread-2 (]: Finished running node test.uttarakhand_trek.not_null_int_trek_weather_trek_id.807c7e690b
[0m23:08:08.675743 [debug] [Thread-8 (]: Marking all children of 'test.uttarakhand_trek.not_null_int_trek_weather_trek_id.807c7e690b' to be skipped because of status 'error'.  Reason: Database Error in test not_null_int_trek_weather_trek_id (models\schema.yml)
  000904 (42000): SQL compilation error: error line 14 at position 7
  invalid identifier 'TREK_ID'
  compiled code at target\run\uttarakhand_trek\models\schema.yml\not_null_int_trek_weather_trek_id.sql.
[0m23:08:08.841903 [debug] [Thread-5 (]: Snowflake adapter: Snowflake query id: 01c70c42-3203-5bbb-0018-426a000105e6
[0m23:08:08.842647 [debug] [Thread-5 (]: Snowflake adapter: Snowflake error: 000904 (42000): SQL compilation error: error line 13 at position 4
invalid identifier 'TREK_ID'
[0m23:08:08.847983 [debug] [Thread-5 (]: Database Error in test unique_stg_treks_trek_id (models\schema.yml)
  000904 (42000): SQL compilation error: error line 13 at position 4
  invalid identifier 'TREK_ID'
  compiled code at target\run\uttarakhand_trek\models\schema.yml\unique_stg_treks_trek_id.sql
[0m23:08:08.848373 [error] [Thread-5 (]: 5 of 5 ERROR unique_stg_treks_trek_id .......................................... [[31mERROR[0m in 0.21s]
[0m23:08:08.848991 [debug] [Thread-5 (]: Finished running node test.uttarakhand_trek.unique_stg_treks_trek_id.0647fa0ee9
[0m23:08:08.849379 [debug] [Thread-8 (]: Marking all children of 'test.uttarakhand_trek.unique_stg_treks_trek_id.0647fa0ee9' to be skipped because of status 'error'.  Reason: Database Error in test unique_stg_treks_trek_id (models\schema.yml)
  000904 (42000): SQL compilation error: error line 13 at position 4
  invalid identifier 'TREK_ID'
  compiled code at target\run\uttarakhand_trek\models\schema.yml\unique_stg_treks_trek_id.sql.
[0m23:08:08.875428 [debug] [Thread-3 (]: Snowflake adapter: Snowflake query id: 01c70c42-3203-5bed-0018-426a00016116
[0m23:08:08.875841 [debug] [Thread-3 (]: Snowflake adapter: Snowflake error: 000904 (42000): SQL compilation error: error line 14 at position 7
invalid identifier 'TREK_ID'
[0m23:08:08.880312 [debug] [Thread-3 (]: Database Error in test not_null_stg_treks_trek_id (models\schema.yml)
  000904 (42000): SQL compilation error: error line 14 at position 7
  invalid identifier 'TREK_ID'
  compiled code at target\run\uttarakhand_trek\models\schema.yml\not_null_stg_treks_trek_id.sql
[0m23:08:08.880732 [error] [Thread-3 (]: 2 of 5 ERROR not_null_stg_treks_trek_id ........................................ [[31mERROR[0m in 0.97s]
[0m23:08:08.881380 [debug] [Thread-3 (]: Finished running node test.uttarakhand_trek.not_null_stg_treks_trek_id.4694e69af8
[0m23:08:08.881826 [debug] [Thread-8 (]: Marking all children of 'test.uttarakhand_trek.not_null_stg_treks_trek_id.4694e69af8' to be skipped because of status 'error'.  Reason: Database Error in test not_null_stg_treks_trek_id (models\schema.yml)
  000904 (42000): SQL compilation error: error line 14 at position 7
  invalid identifier 'TREK_ID'
  compiled code at target\run\uttarakhand_trek\models\schema.yml\not_null_stg_treks_trek_id.sql.
[0m23:08:08.883224 [debug] [MainThread]: Connection 'master' was properly closed.
[0m23:08:08.883476 [debug] [MainThread]: Connection 'list_UTTARAKHAND_TREK_DB_TREK_ANALYTICS' was left open.
[0m23:08:08.883693 [debug] [MainThread]: On list_UTTARAKHAND_TREK_DB_TREK_ANALYTICS: Close
[0m23:08:09.134212 [debug] [MainThread]: Connection 'test.uttarakhand_trek.not_null_int_trek_weather_trek_id.807c7e690b' was left open.
[0m23:08:09.134764 [debug] [MainThread]: On test.uttarakhand_trek.not_null_int_trek_weather_trek_id.807c7e690b: Close
[0m23:08:09.374454 [debug] [MainThread]: Connection 'test.uttarakhand_trek.not_null_stg_treks_trek_id.4694e69af8' was left open.
[0m23:08:09.375011 [debug] [MainThread]: On test.uttarakhand_trek.not_null_stg_treks_trek_id.4694e69af8: Close
[0m23:08:09.629517 [debug] [MainThread]: Connection 'test.uttarakhand_trek.not_null_stg_weather_trek_id.a0d6b2c03a' was left open.
[0m23:08:09.630049 [debug] [MainThread]: On test.uttarakhand_trek.not_null_stg_weather_trek_id.a0d6b2c03a: Close
[0m23:08:09.878627 [debug] [MainThread]: Connection 'test.uttarakhand_trek.unique_stg_treks_trek_id.0647fa0ee9' was left open.
[0m23:08:09.879193 [debug] [MainThread]: On test.uttarakhand_trek.unique_stg_treks_trek_id.0647fa0ee9: Close
[0m23:08:10.116373 [info ] [MainThread]: 
[0m23:08:10.117192 [info ] [MainThread]: Finished running 5 data tests in 0 hours 0 minutes and 4.93 seconds (4.93s).
[0m23:08:10.118628 [debug] [MainThread]: Command end result
[0m23:08:10.147266 [debug] [MainThread]: Wrote artifact WritableManifest to C:\7thsem\uttarakhand-trek-intelligence\pipeline\dbt\target\manifest.json
[0m23:08:10.150534 [debug] [MainThread]: Wrote artifact SemanticManifest to C:\7thsem\uttarakhand-trek-intelligence\pipeline\dbt\target\semantic_manifest.json
[0m23:08:10.153553 [debug] [MainThread]: Wrote artifact OsiDocument to C:\7thsem\uttarakhand-trek-intelligence\pipeline\dbt\target\osi_document.json
[0m23:08:10.160187 [debug] [MainThread]: Wrote artifact RunExecutionResult to C:\7thsem\uttarakhand-trek-intelligence\pipeline\dbt\target\run_results.json
[0m23:08:10.160521 [info ] [MainThread]: 
[0m23:08:10.161033 [info ] [MainThread]: [31mCompleted with 5 errors, 0 partial successes, and 0 warnings:[0m
[0m23:08:10.161548 [info ] [MainThread]: 
[0m23:08:10.162037 [error] [MainThread]: [[31mERROR[0m]: in test not_null_trek_analytics_trek_id (models\schema.yml)
[0m23:08:10.162546 [error] [MainThread]:   Database Error in test not_null_trek_analytics_trek_id (models\schema.yml)
  000904 (42000): SQL compilation error: error line 14 at position 7
  invalid identifier 'TREK_ID'
  compiled code at target\run\uttarakhand_trek\models\schema.yml\not_null_trek_analytics_trek_id.sql
[0m23:08:10.162858 [info ] [MainThread]: 
[0m23:08:10.163170 [info ] [MainThread]:   compiled code at target\compiled\uttarakhand_trek\models\schema.yml\not_null_trek_analytics_trek_id.sql
[0m23:08:10.163499 [info ] [MainThread]: 
[0m23:08:10.163825 [error] [MainThread]: [[31mERROR[0m]: in test not_null_stg_weather_trek_id (models\schema.yml)
[0m23:08:10.164124 [error] [MainThread]:   Database Error in test not_null_stg_weather_trek_id (models\schema.yml)
  000904 (42000): SQL compilation error: error line 14 at position 7
  invalid identifier 'TREK_ID'
  compiled code at target\run\uttarakhand_trek\models\schema.yml\not_null_stg_weather_trek_id.sql
[0m23:08:10.164381 [info ] [MainThread]: 
[0m23:08:10.164691 [info ] [MainThread]:   compiled code at target\compiled\uttarakhand_trek\models\schema.yml\not_null_stg_weather_trek_id.sql
[0m23:08:10.164944 [info ] [MainThread]: 
[0m23:08:10.165235 [error] [MainThread]: [[31mERROR[0m]: in test not_null_int_trek_weather_trek_id (models\schema.yml)
[0m23:08:10.165539 [error] [MainThread]:   Database Error in test not_null_int_trek_weather_trek_id (models\schema.yml)
  000904 (42000): SQL compilation error: error line 14 at position 7
  invalid identifier 'TREK_ID'
  compiled code at target\run\uttarakhand_trek\models\schema.yml\not_null_int_trek_weather_trek_id.sql
[0m23:08:10.165790 [info ] [MainThread]: 
[0m23:08:10.166065 [info ] [MainThread]:   compiled code at target\compiled\uttarakhand_trek\models\schema.yml\not_null_int_trek_weather_trek_id.sql
[0m23:08:10.166336 [info ] [MainThread]: 
[0m23:08:10.166667 [error] [MainThread]: [[31mERROR[0m]: in test unique_stg_treks_trek_id (models\schema.yml)
[0m23:08:10.166980 [error] [MainThread]:   Database Error in test unique_stg_treks_trek_id (models\schema.yml)
  000904 (42000): SQL compilation error: error line 13 at position 4
  invalid identifier 'TREK_ID'
  compiled code at target\run\uttarakhand_trek\models\schema.yml\unique_stg_treks_trek_id.sql
[0m23:08:10.167233 [info ] [MainThread]: 
[0m23:08:10.167579 [info ] [MainThread]:   compiled code at target\compiled\uttarakhand_trek\models\schema.yml\unique_stg_treks_trek_id.sql
[0m23:08:10.167856 [info ] [MainThread]: 
[0m23:08:10.168283 [error] [MainThread]: [[31mERROR[0m]: in test not_null_stg_treks_trek_id (models\schema.yml)
[0m23:08:10.168792 [error] [MainThread]:   Database Error in test not_null_stg_treks_trek_id (models\schema.yml)
  000904 (42000): SQL compilation error: error line 14 at position 7
  invalid identifier 'TREK_ID'
  compiled code at target\run\uttarakhand_trek\models\schema.yml\not_null_stg_treks_trek_id.sql
[0m23:08:10.169143 [info ] [MainThread]: 
[0m23:08:10.169525 [info ] [MainThread]:   compiled code at target\compiled\uttarakhand_trek\models\schema.yml\not_null_stg_treks_trek_id.sql
[0m23:08:10.169868 [info ] [MainThread]: 
[0m23:08:10.170260 [info ] [MainThread]: Done. PASS=0 WARN=0 ERROR=5 SKIP=0 NO-OP=0 REUSED=0 TOTAL=5
[0m23:08:10.171244 [debug] [MainThread]: Command `dbt test` failed at 23:08:10.171134 after 7.05 seconds
[0m23:08:10.171612 [debug] [MainThread]: Sending event: {'category': 'dbt', 'action': 'invocation', 'label': 'end', 'context': [<snowplow_tracker.self_describing_json.SelfDescribingJson object at 0x0000025924663E90>, <snowplow_tracker.self_describing_json.SelfDescribingJson object at 0x000002593FBDE620>, <snowplow_tracker.self_describing_json.SelfDescribingJson object at 0x000002593FBDF330>]}
[0m23:08:10.172023 [debug] [MainThread]: Flushing usage events
[0m23:08:11.886449 [debug] [MainThread]: An error was encountered while trying to flush usage events
[0m23:08:57.030718 [debug] [MainThread]: Sending event: {'category': 'dbt', 'action': 'invocation', 'label': 'start', 'context': [<snowplow_tracker.self_describing_json.SelfDescribingJson object at 0x0000018FBE5FDD30>, <snowplow_tracker.self_describing_json.SelfDescribingJson object at 0x0000018FC0C43ED0>, <snowplow_tracker.self_describing_json.SelfDescribingJson object at 0x0000018FC0C43D90>]}


============================== 23:08:57.034634 | 9a39abe0-87d4-4c5e-94b2-4c3f655a61ce ==============================
[0m23:08:57.034634 [info ] [MainThread]: Running with dbt=1.12.4
[0m23:08:57.035158 [debug] [MainThread]: running dbt with arguments {'version_check': 'True', 'no_print': 'None', 'maximum_seed_size_mib': '1', 'warn_error_options': 'WarnErrorOptionsV2(error=[], warn=[], silence=[])', 'target_path': 'None', 'static_parser': 'True', 'printer_width': '80', 'write_json': 'True', 'empty': 'None', 'log_cache_events': 'False', 'introspect': 'True', 'cache_selected_only': 'False', 'fail_fast': 'False', 'debug': 'False', 'log_format': 'default', 'profiles_dir': 'C:\\Users\\Ayush Badola\\.dbt', 'send_anonymous_usage_stats': 'True', 'quiet': 'False', 'warn_error': 'None', 'partial_parse': 'True', 'invocation_command': 'dbt test', 'hints_enabled': 'True', 'indirect_selection': 'eager', 'use_experimental_parser': 'False', 'use_colors': 'True', 'log_path': 'C:\\7thsem\\uttarakhand-trek-intelligence\\pipeline\\dbt\\logs'}
[0m23:08:57.753048 [debug] [MainThread]: Snowflake adapter: Setting snowflake.connector to ERROR (file logging only)
[0m23:08:57.753483 [debug] [MainThread]: Snowflake adapter: Setting botocore to ERROR (file logging only)
[0m23:08:57.753750 [debug] [MainThread]: Snowflake adapter: Setting boto3 to ERROR (file logging only)
[0m23:08:57.981883 [debug] [MainThread]: Sending event: {'category': 'dbt', 'action': 'project_id', 'label': '9a39abe0-87d4-4c5e-94b2-4c3f655a61ce', 'context': [<snowplow_tracker.self_describing_json.SelfDescribingJson object at 0x0000018FBEB1A9E0>]}
[0m23:08:58.036119 [debug] [MainThread]: Sending event: {'category': 'dbt', 'action': 'adapter_info', 'label': '9a39abe0-87d4-4c5e-94b2-4c3f655a61ce', 'context': [<snowplow_tracker.self_describing_json.SelfDescribingJson object at 0x0000018FBF1327A0>]}
[0m23:08:58.037512 [info ] [MainThread]: Registered adapter: snowflake=1.12.0
[0m23:08:58.338033 [debug] [MainThread]: checksum: 19eff4c7ce702b08bdb92bf312c3b132d953f93af96778c1547d783172635df9, vars: {}, profile: uttarakhand_trek, target: dev, version: 1.12.4
[0m23:08:58.468962 [debug] [MainThread]: Partial parsing enabled: 0 files deleted, 0 files added, 0 files changed.
[0m23:08:58.469301 [debug] [MainThread]: Nothing changed, skipping partial parsing.
[0m23:08:58.469516 [debug] [MainThread]: Partial parsing enabled, no changes found, skipping parsing
[0m23:08:58.477355 [debug] [MainThread]: Sending event: {'category': 'dbt', 'action': 'load_project', 'label': '9a39abe0-87d4-4c5e-94b2-4c3f655a61ce', 'context': [<snowplow_tracker.self_describing_json.SelfDescribingJson object at 0x0000018FDA84B550>]}
[0m23:08:58.589515 [debug] [MainThread]: Wrote artifact WritableManifest to C:\7thsem\uttarakhand-trek-intelligence\pipeline\dbt\target\manifest.json
[0m23:08:58.592706 [debug] [MainThread]: Wrote artifact SemanticManifest to C:\7thsem\uttarakhand-trek-intelligence\pipeline\dbt\target\semantic_manifest.json
[0m23:08:58.618603 [debug] [MainThread]: Wrote artifact OsiDocument to C:\7thsem\uttarakhand-trek-intelligence\pipeline\dbt\target\osi_document.json
[0m23:08:58.640312 [debug] [MainThread]: Sending event: {'category': 'dbt', 'action': 'resource_counts', 'label': '9a39abe0-87d4-4c5e-94b2-4c3f655a61ce', 'context': [<snowplow_tracker.self_describing_json.SelfDescribingJson object at 0x0000018FDAAFE300>]}
[0m23:08:58.640745 [info ] [MainThread]: Found 4 models, 5 data tests, 2 sources, 545 macros
[0m23:08:58.641151 [debug] [MainThread]: Sending event: {'category': 'dbt', 'action': 'runnable_timing', 'label': '9a39abe0-87d4-4c5e-94b2-4c3f655a61ce', 'context': [<snowplow_tracker.self_describing_json.SelfDescribingJson object at 0x0000018FDAB54BB0>]}
[0m23:08:58.642822 [info ] [MainThread]: 
[0m23:08:58.643208 [info ] [MainThread]: Concurrency: 4 threads (target='dev')
[0m23:08:58.643567 [info ] [MainThread]: 
[0m23:08:58.644099 [debug] [MainThread]: Acquiring new snowflake connection 'master'
[0m23:08:58.648605 [debug] [ThreadPool]: Acquiring new snowflake connection 'list_UTTARAKHAND_TREK_DB_TREK_ANALYTICS'
[0m23:08:58.667053 [debug] [ThreadPool]: Using snowflake connection "list_UTTARAKHAND_TREK_DB_TREK_ANALYTICS"
[0m23:08:58.667571 [debug] [ThreadPool]: On list_UTTARAKHAND_TREK_DB_TREK_ANALYTICS: show objects in UTTARAKHAND_TREK_DB.TREK_ANALYTICS
    limit 10000
    

/* {"app": "dbt", "dbt_version": "1.12.4", "profile_name": "uttarakhand_trek", "target_name": "dev", "connection_name": "list_UTTARAKHAND_TREK_DB_TREK_ANALYTICS"} */;
[0m23:08:58.667832 [debug] [ThreadPool]: Opening a new connection, currently in state init
[0m23:09:00.196522 [debug] [ThreadPool]: SQL status: SUCCESS 6 in 1.529 seconds
[0m23:09:00.201538 [debug] [ThreadPool]: Using snowflake connection "list_UTTARAKHAND_TREK_DB_TREK_ANALYTICS"
[0m23:09:00.201804 [debug] [ThreadPool]: On list_UTTARAKHAND_TREK_DB_TREK_ANALYTICS: show user functions in UTTARAKHAND_TREK_DB.TREK_ANALYTICS
/* {"app": "dbt", "dbt_version": "1.12.4", "profile_name": "uttarakhand_trek", "target_name": "dev", "connection_name": "list_UTTARAKHAND_TREK_DB_TREK_ANALYTICS"} */
[0m23:09:00.424178 [debug] [ThreadPool]: SQL status: SUCCESS 0 in 0.222 seconds
[0m23:09:00.426611 [debug] [MainThread]: Sending event: {'category': 'dbt', 'action': 'runnable_timing', 'label': '9a39abe0-87d4-4c5e-94b2-4c3f655a61ce', 'context': [<snowplow_tracker.self_describing_json.SelfDescribingJson object at 0x0000018FDABB0600>]}
[0m23:09:00.430278 [debug] [Thread-2 (]: Began running node test.uttarakhand_trek.not_null_int_trek_weather_trek_id.807c7e690b
[0m23:09:00.430928 [debug] [Thread-4 (]: Began running node test.uttarakhand_trek.not_null_stg_weather_trek_id.a0d6b2c03a
[0m23:09:00.430645 [info ] [Thread-2 (]: 1 of 5 START test not_null_int_trek_weather_trek_id ............................ [RUN]
[0m23:09:00.431599 [debug] [Thread-3 (]: Began running node test.uttarakhand_trek.not_null_stg_treks_trek_id.4694e69af8
[0m23:09:00.431967 [debug] [Thread-5 (]: Began running node test.uttarakhand_trek.not_null_trek_analytics_trek_id.f3f982a9eb
[0m23:09:00.432402 [debug] [Thread-2 (]: Acquiring new snowflake connection 'test.uttarakhand_trek.not_null_int_trek_weather_trek_id.807c7e690b'
[0m23:09:00.431247 [info ] [Thread-4 (]: 3 of 5 START test not_null_stg_weather_trek_id ................................. [RUN]
[0m23:09:00.432798 [info ] [Thread-3 (]: 2 of 5 START test not_null_stg_treks_trek_id ................................... [RUN]
[0m23:09:00.433226 [info ] [Thread-5 (]: 4 of 5 START test not_null_trek_analytics_trek_id .............................. [RUN]
[0m23:09:00.433663 [debug] [Thread-2 (]: Began compiling node test.uttarakhand_trek.not_null_int_trek_weather_trek_id.807c7e690b
[0m23:09:00.434138 [debug] [Thread-4 (]: Acquiring new snowflake connection 'test.uttarakhand_trek.not_null_stg_weather_trek_id.a0d6b2c03a'
[0m23:09:00.434532 [debug] [Thread-3 (]: Acquiring new snowflake connection 'test.uttarakhand_trek.not_null_stg_treks_trek_id.4694e69af8'
[0m23:09:00.434908 [debug] [Thread-5 (]: Acquiring new snowflake connection 'test.uttarakhand_trek.not_null_trek_analytics_trek_id.f3f982a9eb'
[0m23:09:00.450478 [debug] [Thread-2 (]: Writing injected SQL for node "test.uttarakhand_trek.not_null_int_trek_weather_trek_id.807c7e690b"
[0m23:09:00.450882 [debug] [Thread-4 (]: Began compiling node test.uttarakhand_trek.not_null_stg_weather_trek_id.a0d6b2c03a
[0m23:09:00.451295 [debug] [Thread-3 (]: Began compiling node test.uttarakhand_trek.not_null_stg_treks_trek_id.4694e69af8
[0m23:09:00.451626 [debug] [Thread-5 (]: Began compiling node test.uttarakhand_trek.not_null_trek_analytics_trek_id.f3f982a9eb
[0m23:09:00.457609 [debug] [Thread-4 (]: Writing injected SQL for node "test.uttarakhand_trek.not_null_stg_weather_trek_id.a0d6b2c03a"
[0m23:09:00.463063 [debug] [Thread-3 (]: Writing injected SQL for node "test.uttarakhand_trek.not_null_stg_treks_trek_id.4694e69af8"
[0m23:09:00.468194 [debug] [Thread-5 (]: Writing injected SQL for node "test.uttarakhand_trek.not_null_trek_analytics_trek_id.f3f982a9eb"
[0m23:09:00.468934 [debug] [Thread-2 (]: Began executing node test.uttarakhand_trek.not_null_int_trek_weather_trek_id.807c7e690b
[0m23:09:00.485271 [debug] [Thread-2 (]: Writing runtime sql for node "test.uttarakhand_trek.not_null_int_trek_weather_trek_id.807c7e690b"
[0m23:09:00.486447 [debug] [Thread-3 (]: Began executing node test.uttarakhand_trek.not_null_stg_treks_trek_id.4694e69af8
[0m23:09:00.488194 [debug] [Thread-3 (]: Writing runtime sql for node "test.uttarakhand_trek.not_null_stg_treks_trek_id.4694e69af8"
[0m23:09:00.488828 [debug] [Thread-2 (]: Using snowflake connection "test.uttarakhand_trek.not_null_int_trek_weather_trek_id.807c7e690b"
[0m23:09:00.489140 [debug] [Thread-2 (]: On test.uttarakhand_trek.not_null_int_trek_weather_trek_id.807c7e690b: select
      count(*) as failures,
      count(*) != 0 as should_warn,
      count(*) != 0 as should_error
    from (
      
    
  
    
    



select trek_id
from UTTARAKHAND_TREK_DB.TREK_ANALYTICS.int_trek_weather
where trek_id is null



  
  
      
    ) dbt_internal_test
/* {"app": "dbt", "dbt_version": "1.12.4", "profile_name": "uttarakhand_trek", "target_name": "dev", "node_id": "test.uttarakhand_trek.not_null_int_trek_weather_trek_id.807c7e690b"} */
[0m23:09:00.489409 [debug] [Thread-2 (]: Opening a new connection, currently in state init
[0m23:09:00.490029 [debug] [Thread-4 (]: Began executing node test.uttarakhand_trek.not_null_stg_weather_trek_id.a0d6b2c03a
[0m23:09:00.491826 [debug] [Thread-4 (]: Writing runtime sql for node "test.uttarakhand_trek.not_null_stg_weather_trek_id.a0d6b2c03a"
[0m23:09:00.492992 [debug] [Thread-5 (]: Began executing node test.uttarakhand_trek.not_null_trek_analytics_trek_id.f3f982a9eb
[0m23:09:00.494693 [debug] [Thread-5 (]: Writing runtime sql for node "test.uttarakhand_trek.not_null_trek_analytics_trek_id.f3f982a9eb"
[0m23:09:00.495577 [debug] [Thread-4 (]: Using snowflake connection "test.uttarakhand_trek.not_null_stg_weather_trek_id.a0d6b2c03a"
[0m23:09:00.496288 [debug] [Thread-3 (]: Using snowflake connection "test.uttarakhand_trek.not_null_stg_treks_trek_id.4694e69af8"
[0m23:09:00.496752 [debug] [Thread-4 (]: On test.uttarakhand_trek.not_null_stg_weather_trek_id.a0d6b2c03a: select
      count(*) as failures,
      count(*) != 0 as should_warn,
      count(*) != 0 as should_error
    from (
      
    
  
    
    



select trek_id
from UTTARAKHAND_TREK_DB.TREK_ANALYTICS.stg_weather
where trek_id is null



  
  
      
    ) dbt_internal_test
/* {"app": "dbt", "dbt_version": "1.12.4", "profile_name": "uttarakhand_trek", "target_name": "dev", "node_id": "test.uttarakhand_trek.not_null_stg_weather_trek_id.a0d6b2c03a"} */
[0m23:09:00.497181 [debug] [Thread-3 (]: On test.uttarakhand_trek.not_null_stg_treks_trek_id.4694e69af8: select
      count(*) as failures,
      count(*) != 0 as should_warn,
      count(*) != 0 as should_error
    from (
      
    
  
    
    



select trek_id
from UTTARAKHAND_TREK_DB.TREK_ANALYTICS.stg_treks
where trek_id is null



  
  
      
    ) dbt_internal_test
/* {"app": "dbt", "dbt_version": "1.12.4", "profile_name": "uttarakhand_trek", "target_name": "dev", "node_id": "test.uttarakhand_trek.not_null_stg_treks_trek_id.4694e69af8"} */
[0m23:09:00.497708 [debug] [Thread-5 (]: Using snowflake connection "test.uttarakhand_trek.not_null_trek_analytics_trek_id.f3f982a9eb"
[0m23:09:00.499001 [debug] [Thread-4 (]: Opening a new connection, currently in state init
[0m23:09:00.499722 [debug] [Thread-3 (]: Opening a new connection, currently in state init
[0m23:09:00.500047 [debug] [Thread-5 (]: On test.uttarakhand_trek.not_null_trek_analytics_trek_id.f3f982a9eb: select
      count(*) as failures,
      count(*) != 0 as should_warn,
      count(*) != 0 as should_error
    from (
      
    
  
    
    



select trek_id
from UTTARAKHAND_TREK_DB.TREK_ANALYTICS.trek_analytics
where trek_id is null



  
  
      
    ) dbt_internal_test
/* {"app": "dbt", "dbt_version": "1.12.4", "profile_name": "uttarakhand_trek", "target_name": "dev", "node_id": "test.uttarakhand_trek.not_null_trek_analytics_trek_id.f3f982a9eb"} */
[0m23:09:00.500916 [debug] [Thread-5 (]: Opening a new connection, currently in state init
[0m23:09:01.223081 [debug] [Thread-3 (]: Snowflake adapter: Snowflake query id: 01c70c43-3203-5bbb-0018-426a000105ee
[0m23:09:01.223458 [debug] [Thread-3 (]: Snowflake adapter: Snowflake error: 000904 (42000): SQL compilation error: error line 14 at position 7
invalid identifier 'TREK_ID'
[0m23:09:01.228412 [debug] [Thread-3 (]: Database Error in test not_null_stg_treks_trek_id (models\schema.yml)
  000904 (42000): SQL compilation error: error line 14 at position 7
  invalid identifier 'TREK_ID'
  compiled code at target\run\uttarakhand_trek\models\schema.yml\not_null_stg_treks_trek_id.sql
[0m23:09:01.228857 [error] [Thread-3 (]: 2 of 5 ERROR not_null_stg_treks_trek_id ........................................ [[31mERROR[0m in 0.79s]
[0m23:09:01.229569 [debug] [Thread-3 (]: Finished running node test.uttarakhand_trek.not_null_stg_treks_trek_id.4694e69af8
[0m23:09:01.229887 [debug] [Thread-3 (]: Began running node test.uttarakhand_trek.unique_stg_treks_trek_id.0647fa0ee9
[0m23:09:01.230524 [debug] [Thread-8 (]: Marking all children of 'test.uttarakhand_trek.not_null_stg_treks_trek_id.4694e69af8' to be skipped because of status 'error'.  Reason: Database Error in test not_null_stg_treks_trek_id (models\schema.yml)
  000904 (42000): SQL compilation error: error line 14 at position 7
  invalid identifier 'TREK_ID'
  compiled code at target\run\uttarakhand_trek\models\schema.yml\not_null_stg_treks_trek_id.sql.
[0m23:09:01.230156 [info ] [Thread-3 (]: 5 of 5 START test unique_stg_treks_trek_id ..................................... [RUN]
[0m23:09:01.231439 [debug] [Thread-3 (]: Re-using an available connection from the pool (formerly test.uttarakhand_trek.not_null_stg_treks_trek_id.4694e69af8, now test.uttarakhand_trek.unique_stg_treks_trek_id.0647fa0ee9)
[0m23:09:01.231718 [debug] [Thread-3 (]: Began compiling node test.uttarakhand_trek.unique_stg_treks_trek_id.0647fa0ee9
[0m23:09:01.238980 [debug] [Thread-3 (]: Writing injected SQL for node "test.uttarakhand_trek.unique_stg_treks_trek_id.0647fa0ee9"
[0m23:09:01.239970 [debug] [Thread-3 (]: Began executing node test.uttarakhand_trek.unique_stg_treks_trek_id.0647fa0ee9
[0m23:09:01.242189 [debug] [Thread-3 (]: Writing runtime sql for node "test.uttarakhand_trek.unique_stg_treks_trek_id.0647fa0ee9"
[0m23:09:01.244147 [debug] [Thread-3 (]: Using snowflake connection "test.uttarakhand_trek.unique_stg_treks_trek_id.0647fa0ee9"
[0m23:09:01.244695 [debug] [Thread-3 (]: On test.uttarakhand_trek.unique_stg_treks_trek_id.0647fa0ee9: select
      count(*) as failures,
      count(*) != 0 as should_warn,
      count(*) != 0 as should_error
    from (
      
    
  
    
    

select
    trek_id as unique_field,
    count(*) as n_records

from UTTARAKHAND_TREK_DB.TREK_ANALYTICS.stg_treks
where trek_id is not null
group by trek_id
having count(*) > 1



  
  
      
    ) dbt_internal_test
/* {"app": "dbt", "dbt_version": "1.12.4", "profile_name": "uttarakhand_trek", "target_name": "dev", "node_id": "test.uttarakhand_trek.unique_stg_treks_trek_id.0647fa0ee9"} */
[0m23:09:01.278417 [debug] [Thread-2 (]: Snowflake adapter: Snowflake query id: 01c70c43-3203-5bbb-0018-426a000105ea
[0m23:09:01.278798 [debug] [Thread-2 (]: Snowflake adapter: Snowflake error: 000904 (42000): SQL compilation error: error line 14 at position 7
invalid identifier 'TREK_ID'
[0m23:09:01.282950 [debug] [Thread-2 (]: Database Error in test not_null_int_trek_weather_trek_id (models\schema.yml)
  000904 (42000): SQL compilation error: error line 14 at position 7
  invalid identifier 'TREK_ID'
  compiled code at target\run\uttarakhand_trek\models\schema.yml\not_null_int_trek_weather_trek_id.sql
[0m23:09:01.283353 [error] [Thread-2 (]: 1 of 5 ERROR not_null_int_trek_weather_trek_id ................................. [[31mERROR[0m in 0.85s]
[0m23:09:01.283874 [debug] [Thread-2 (]: Finished running node test.uttarakhand_trek.not_null_int_trek_weather_trek_id.807c7e690b
[0m23:09:01.284249 [debug] [Thread-8 (]: Marking all children of 'test.uttarakhand_trek.not_null_int_trek_weather_trek_id.807c7e690b' to be skipped because of status 'error'.  Reason: Database Error in test not_null_int_trek_weather_trek_id (models\schema.yml)
  000904 (42000): SQL compilation error: error line 14 at position 7
  invalid identifier 'TREK_ID'
  compiled code at target\run\uttarakhand_trek\models\schema.yml\not_null_int_trek_weather_trek_id.sql.
[0m23:09:01.413534 [debug] [Thread-3 (]: Snowflake adapter: Snowflake query id: 01c70c43-3203-5bbb-0018-426a000105f2
[0m23:09:01.414106 [debug] [Thread-3 (]: Snowflake adapter: Snowflake error: 000904 (42000): SQL compilation error: error line 13 at position 4
invalid identifier 'TREK_ID'
[0m23:09:01.419568 [debug] [Thread-3 (]: Database Error in test unique_stg_treks_trek_id (models\schema.yml)
  000904 (42000): SQL compilation error: error line 13 at position 4
  invalid identifier 'TREK_ID'
  compiled code at target\run\uttarakhand_trek\models\schema.yml\unique_stg_treks_trek_id.sql
[0m23:09:01.419981 [error] [Thread-3 (]: 5 of 5 ERROR unique_stg_treks_trek_id .......................................... [[31mERROR[0m in 0.19s]
[0m23:09:01.420595 [debug] [Thread-3 (]: Finished running node test.uttarakhand_trek.unique_stg_treks_trek_id.0647fa0ee9
[0m23:09:01.420976 [debug] [Thread-8 (]: Marking all children of 'test.uttarakhand_trek.unique_stg_treks_trek_id.0647fa0ee9' to be skipped because of status 'error'.  Reason: Database Error in test unique_stg_treks_trek_id (models\schema.yml)
  000904 (42000): SQL compilation error: error line 13 at position 4
  invalid identifier 'TREK_ID'
  compiled code at target\run\uttarakhand_trek\models\schema.yml\unique_stg_treks_trek_id.sql.
[0m23:09:01.500243 [debug] [Thread-5 (]: Snowflake adapter: Snowflake query id: 01c70c43-3203-5bed-0018-426a00016126
[0m23:09:01.500832 [debug] [Thread-5 (]: Snowflake adapter: Snowflake error: 000904 (42000): SQL compilation error: error line 14 at position 7
invalid identifier 'TREK_ID'
[0m23:09:01.505276 [debug] [Thread-5 (]: Database Error in test not_null_trek_analytics_trek_id (models\schema.yml)
  000904 (42000): SQL compilation error: error line 14 at position 7
  invalid identifier 'TREK_ID'
  compiled code at target\run\uttarakhand_trek\models\schema.yml\not_null_trek_analytics_trek_id.sql
[0m23:09:01.505689 [error] [Thread-5 (]: 4 of 5 ERROR not_null_trek_analytics_trek_id ................................... [[31mERROR[0m in 1.07s]
[0m23:09:01.506603 [debug] [Thread-5 (]: Finished running node test.uttarakhand_trek.not_null_trek_analytics_trek_id.f3f982a9eb
[0m23:09:01.506982 [debug] [Thread-8 (]: Marking all children of 'test.uttarakhand_trek.not_null_trek_analytics_trek_id.f3f982a9eb' to be skipped because of status 'error'.  Reason: Database Error in test not_null_trek_analytics_trek_id (models\schema.yml)
  000904 (42000): SQL compilation error: error line 14 at position 7
  invalid identifier 'TREK_ID'
  compiled code at target\run\uttarakhand_trek\models\schema.yml\not_null_trek_analytics_trek_id.sql.
[0m23:09:01.508161 [debug] [Thread-4 (]: Snowflake adapter: Snowflake query id: 01c70c43-3203-5bed-0018-426a00016122
[0m23:09:01.508443 [debug] [Thread-4 (]: Snowflake adapter: Snowflake error: 000904 (42000): SQL compilation error: error line 14 at position 7
invalid identifier 'TREK_ID'
[0m23:09:01.512477 [debug] [Thread-4 (]: Database Error in test not_null_stg_weather_trek_id (models\schema.yml)
  000904 (42000): SQL compilation error: error line 14 at position 7
  invalid identifier 'TREK_ID'
  compiled code at target\run\uttarakhand_trek\models\schema.yml\not_null_stg_weather_trek_id.sql
[0m23:09:01.512839 [error] [Thread-4 (]: 3 of 5 ERROR not_null_stg_weather_trek_id ...................................... [[31mERROR[0m in 1.08s]
[0m23:09:01.513329 [debug] [Thread-4 (]: Finished running node test.uttarakhand_trek.not_null_stg_weather_trek_id.a0d6b2c03a
[0m23:09:01.513816 [debug] [Thread-8 (]: Marking all children of 'test.uttarakhand_trek.not_null_stg_weather_trek_id.a0d6b2c03a' to be skipped because of status 'error'.  Reason: Database Error in test not_null_stg_weather_trek_id (models\schema.yml)
  000904 (42000): SQL compilation error: error line 14 at position 7
  invalid identifier 'TREK_ID'
  compiled code at target\run\uttarakhand_trek\models\schema.yml\not_null_stg_weather_trek_id.sql.
[0m23:09:01.515344 [debug] [MainThread]: Connection 'master' was properly closed.
[0m23:09:01.515700 [debug] [MainThread]: Connection 'list_UTTARAKHAND_TREK_DB_TREK_ANALYTICS' was left open.
[0m23:09:01.515984 [debug] [MainThread]: On list_UTTARAKHAND_TREK_DB_TREK_ANALYTICS: Close
[0m23:09:01.809201 [debug] [MainThread]: Connection 'test.uttarakhand_trek.not_null_int_trek_weather_trek_id.807c7e690b' was left open.
[0m23:09:01.809907 [debug] [MainThread]: On test.uttarakhand_trek.not_null_int_trek_weather_trek_id.807c7e690b: Close
[0m23:09:02.054098 [debug] [MainThread]: Connection 'test.uttarakhand_trek.not_null_stg_weather_trek_id.a0d6b2c03a' was left open.
[0m23:09:02.054626 [debug] [MainThread]: On test.uttarakhand_trek.not_null_stg_weather_trek_id.a0d6b2c03a: Close
[0m23:09:02.301731 [debug] [MainThread]: Connection 'test.uttarakhand_trek.unique_stg_treks_trek_id.0647fa0ee9' was left open.
[0m23:09:02.302290 [debug] [MainThread]: On test.uttarakhand_trek.unique_stg_treks_trek_id.0647fa0ee9: Close
[0m23:09:02.555467 [debug] [MainThread]: Connection 'test.uttarakhand_trek.not_null_trek_analytics_trek_id.f3f982a9eb' was left open.
[0m23:09:02.555872 [debug] [MainThread]: On test.uttarakhand_trek.not_null_trek_analytics_trek_id.f3f982a9eb: Close
[0m23:09:02.806769 [info ] [MainThread]: 
[0m23:09:02.807261 [info ] [MainThread]: Finished running 5 data tests in 0 hours 0 minutes and 4.16 seconds (4.16s).
[0m23:09:02.808310 [debug] [MainThread]: Command end result
[0m23:09:02.835834 [debug] [MainThread]: Wrote artifact WritableManifest to C:\7thsem\uttarakhand-trek-intelligence\pipeline\dbt\target\manifest.json
[0m23:09:02.839986 [debug] [MainThread]: Wrote artifact SemanticManifest to C:\7thsem\uttarakhand-trek-intelligence\pipeline\dbt\target\semantic_manifest.json
[0m23:09:02.843458 [debug] [MainThread]: Wrote artifact OsiDocument to C:\7thsem\uttarakhand-trek-intelligence\pipeline\dbt\target\osi_document.json
[0m23:09:02.850351 [debug] [MainThread]: Wrote artifact RunExecutionResult to C:\7thsem\uttarakhand-trek-intelligence\pipeline\dbt\target\run_results.json
[0m23:09:02.850673 [info ] [MainThread]: 
[0m23:09:02.851198 [info ] [MainThread]: [31mCompleted with 5 errors, 0 partial successes, and 0 warnings:[0m
[0m23:09:02.851760 [info ] [MainThread]: 
[0m23:09:02.852325 [error] [MainThread]: [[31mERROR[0m]: in test not_null_stg_treks_trek_id (models\schema.yml)
[0m23:09:02.852803 [error] [MainThread]:   Database Error in test not_null_stg_treks_trek_id (models\schema.yml)
  000904 (42000): SQL compilation error: error line 14 at position 7
  invalid identifier 'TREK_ID'
  compiled code at target\run\uttarakhand_trek\models\schema.yml\not_null_stg_treks_trek_id.sql
[0m23:09:02.853129 [info ] [MainThread]: 
[0m23:09:02.853560 [info ] [MainThread]:   compiled code at target\compiled\uttarakhand_trek\models\schema.yml\not_null_stg_treks_trek_id.sql
[0m23:09:02.853879 [info ] [MainThread]: 
[0m23:09:02.854242 [error] [MainThread]: [[31mERROR[0m]: in test not_null_int_trek_weather_trek_id (models\schema.yml)
[0m23:09:02.854582 [error] [MainThread]:   Database Error in test not_null_int_trek_weather_trek_id (models\schema.yml)
  000904 (42000): SQL compilation error: error line 14 at position 7
  invalid identifier 'TREK_ID'
  compiled code at target\run\uttarakhand_trek\models\schema.yml\not_null_int_trek_weather_trek_id.sql
[0m23:09:02.854861 [info ] [MainThread]: 
[0m23:09:02.855178 [info ] [MainThread]:   compiled code at target\compiled\uttarakhand_trek\models\schema.yml\not_null_int_trek_weather_trek_id.sql
[0m23:09:02.855448 [info ] [MainThread]: 
[0m23:09:02.855773 [error] [MainThread]: [[31mERROR[0m]: in test unique_stg_treks_trek_id (models\schema.yml)
[0m23:09:02.856103 [error] [MainThread]:   Database Error in test unique_stg_treks_trek_id (models\schema.yml)
  000904 (42000): SQL compilation error: error line 13 at position 4
  invalid identifier 'TREK_ID'
  compiled code at target\run\uttarakhand_trek\models\schema.yml\unique_stg_treks_trek_id.sql
[0m23:09:02.856501 [info ] [MainThread]: 
[0m23:09:02.856962 [info ] [MainThread]:   compiled code at target\compiled\uttarakhand_trek\models\schema.yml\unique_stg_treks_trek_id.sql
[0m23:09:02.857227 [info ] [MainThread]: 
[0m23:09:02.857526 [error] [MainThread]: [[31mERROR[0m]: in test not_null_trek_analytics_trek_id (models\schema.yml)
[0m23:09:02.857845 [error] [MainThread]:   Database Error in test not_null_trek_analytics_trek_id (models\schema.yml)
  000904 (42000): SQL compilation error: error line 14 at position 7
  invalid identifier 'TREK_ID'
  compiled code at target\run\uttarakhand_trek\models\schema.yml\not_null_trek_analytics_trek_id.sql
[0m23:09:02.858127 [info ] [MainThread]: 
[0m23:09:02.858472 [info ] [MainThread]:   compiled code at target\compiled\uttarakhand_trek\models\schema.yml\not_null_trek_analytics_trek_id.sql
[0m23:09:02.858783 [info ] [MainThread]: 
[0m23:09:02.859152 [error] [MainThread]: [[31mERROR[0m]: in test not_null_stg_weather_trek_id (models\schema.yml)
[0m23:09:02.859569 [error] [MainThread]:   Database Error in test not_null_stg_weather_trek_id (models\schema.yml)
  000904 (42000): SQL compilation error: error line 14 at position 7
  invalid identifier 'TREK_ID'
  compiled code at target\run\uttarakhand_trek\models\schema.yml\not_null_stg_weather_trek_id.sql
[0m23:09:02.859937 [info ] [MainThread]: 
[0m23:09:02.860384 [info ] [MainThread]:   compiled code at target\compiled\uttarakhand_trek\models\schema.yml\not_null_stg_weather_trek_id.sql
[0m23:09:02.860809 [info ] [MainThread]: 
[0m23:09:02.861181 [info ] [MainThread]: Done. PASS=0 WARN=0 ERROR=5 SKIP=0 NO-OP=0 REUSED=0 TOTAL=5
[0m23:09:02.862247 [debug] [MainThread]: Command `dbt test` failed at 23:09:02.862133 after 5.94 seconds
[0m23:09:02.862597 [debug] [MainThread]: Sending event: {'category': 'dbt', 'action': 'invocation', 'label': 'end', 'context': [<snowplow_tracker.self_describing_json.SelfDescribingJson object at 0x0000018FC0933E90>, <snowplow_tracker.self_describing_json.SelfDescribingJson object at 0x0000018FDBCE1910>, <snowplow_tracker.self_describing_json.SelfDescribingJson object at 0x0000018FDBCE19C0>]}
[0m23:09:02.862968 [debug] [MainThread]: Flushing usage events
[0m23:09:04.179299 [debug] [MainThread]: An error was encountered while trying to flush usage events
[0m23:10:53.584145 [debug] [MainThread]: Sending event: {'category': 'dbt', 'action': 'invocation', 'label': 'start', 'context': [<snowplow_tracker.self_describing_json.SelfDescribingJson object at 0x000002258BE0DD30>, <snowplow_tracker.self_describing_json.SelfDescribingJson object at 0x000002258E457ED0>, <snowplow_tracker.self_describing_json.SelfDescribingJson object at 0x000002258E457D90>]}


============================== 23:10:53.588102 | d820f053-18c3-4fe9-9651-5691dbb988b4 ==============================
[0m23:10:53.588102 [info ] [MainThread]: Running with dbt=1.12.4
[0m23:10:53.588714 [debug] [MainThread]: running dbt with arguments {'version_check': 'True', 'no_print': 'None', 'static_parser': 'True', 'target_path': 'None', 'warn_error_options': 'WarnErrorOptionsV2(error=[], warn=[], silence=[])', 'maximum_seed_size_mib': '1', 'printer_width': '80', 'write_json': 'True', 'introspect': 'True', 'log_cache_events': 'False', 'empty': 'None', 'cache_selected_only': 'False', 'log_format': 'default', 'debug': 'False', 'fail_fast': 'False', 'profiles_dir': 'C:\\Users\\Ayush Badola\\.dbt', 'send_anonymous_usage_stats': 'True', 'quiet': 'False', 'warn_error': 'None', 'partial_parse': 'True', 'use_colors': 'True', 'hints_enabled': 'True', 'invocation_command': 'dbt test', 'use_experimental_parser': 'False', 'indirect_selection': 'eager', 'log_path': 'C:\\7thsem\\uttarakhand-trek-intelligence\\pipeline\\dbt\\logs'}
[0m23:10:54.306359 [debug] [MainThread]: Snowflake adapter: Setting snowflake.connector to ERROR (file logging only)
[0m23:10:54.306787 [debug] [MainThread]: Snowflake adapter: Setting botocore to ERROR (file logging only)
[0m23:10:54.307050 [debug] [MainThread]: Snowflake adapter: Setting boto3 to ERROR (file logging only)
[0m23:10:54.537594 [debug] [MainThread]: Sending event: {'category': 'dbt', 'action': 'project_id', 'label': 'd820f053-18c3-4fe9-9651-5691dbb988b4', 'context': [<snowplow_tracker.self_describing_json.SelfDescribingJson object at 0x000002258C32E9E0>]}
[0m23:10:54.592237 [debug] [MainThread]: Sending event: {'category': 'dbt', 'action': 'adapter_info', 'label': 'd820f053-18c3-4fe9-9651-5691dbb988b4', 'context': [<snowplow_tracker.self_describing_json.SelfDescribingJson object at 0x000002258C9427A0>]}
[0m23:10:54.593723 [info ] [MainThread]: Registered adapter: snowflake=1.12.0
[0m23:10:54.897586 [debug] [MainThread]: checksum: 19eff4c7ce702b08bdb92bf312c3b132d953f93af96778c1547d783172635df9, vars: {}, profile: uttarakhand_trek, target: dev, version: 1.12.4
[0m23:10:55.026571 [debug] [MainThread]: Partial parsing enabled: 0 files deleted, 0 files added, 1 files changed.
[0m23:10:55.027382 [debug] [MainThread]: Partial parsing: updated file: uttarakhand_trek://models\schema.yml
[0m23:10:55.494411 [debug] [MainThread]: Sending event: {'category': 'dbt', 'action': 'load_project', 'label': 'd820f053-18c3-4fe9-9651-5691dbb988b4', 'context': [<snowplow_tracker.self_describing_json.SelfDescribingJson object at 0x00000225A9620350>]}
[0m23:10:55.578458 [debug] [MainThread]: Wrote artifact WritableManifest to C:\7thsem\uttarakhand-trek-intelligence\pipeline\dbt\target\manifest.json
[0m23:10:55.581590 [debug] [MainThread]: Wrote artifact SemanticManifest to C:\7thsem\uttarakhand-trek-intelligence\pipeline\dbt\target\semantic_manifest.json
[0m23:10:55.604692 [debug] [MainThread]: Wrote artifact OsiDocument to C:\7thsem\uttarakhand-trek-intelligence\pipeline\dbt\target\osi_document.json
[0m23:10:55.624587 [debug] [MainThread]: Sending event: {'category': 'dbt', 'action': 'resource_counts', 'label': 'd820f053-18c3-4fe9-9651-5691dbb988b4', 'context': [<snowplow_tracker.self_describing_json.SelfDescribingJson object at 0x00000225A9718C80>]}
[0m23:10:55.625029 [info ] [MainThread]: Found 4 models, 5 data tests, 2 sources, 545 macros
[0m23:10:55.625475 [debug] [MainThread]: Sending event: {'category': 'dbt', 'action': 'runnable_timing', 'label': 'd820f053-18c3-4fe9-9651-5691dbb988b4', 'context': [<snowplow_tracker.self_describing_json.SelfDescribingJson object at 0x00000225A95CF770>]}
[0m23:10:55.627308 [info ] [MainThread]: 
[0m23:10:55.627696 [info ] [MainThread]: Concurrency: 4 threads (target='dev')
[0m23:10:55.628032 [info ] [MainThread]: 
[0m23:10:55.628479 [debug] [MainThread]: Acquiring new snowflake connection 'master'
[0m23:10:55.632766 [debug] [ThreadPool]: Acquiring new snowflake connection 'list_UTTARAKHAND_TREK_DB_TREK_ANALYTICS'
[0m23:10:55.650510 [debug] [ThreadPool]: Using snowflake connection "list_UTTARAKHAND_TREK_DB_TREK_ANALYTICS"
[0m23:10:55.650884 [debug] [ThreadPool]: On list_UTTARAKHAND_TREK_DB_TREK_ANALYTICS: show objects in UTTARAKHAND_TREK_DB.TREK_ANALYTICS
    limit 10000
    

/* {"app": "dbt", "dbt_version": "1.12.4", "profile_name": "uttarakhand_trek", "target_name": "dev", "connection_name": "list_UTTARAKHAND_TREK_DB_TREK_ANALYTICS"} */;
[0m23:10:55.651208 [debug] [ThreadPool]: Opening a new connection, currently in state init
[0m23:10:57.131093 [debug] [ThreadPool]: SQL status: SUCCESS 6 in 1.480 seconds
[0m23:10:57.136305 [debug] [ThreadPool]: Using snowflake connection "list_UTTARAKHAND_TREK_DB_TREK_ANALYTICS"
[0m23:10:57.136585 [debug] [ThreadPool]: On list_UTTARAKHAND_TREK_DB_TREK_ANALYTICS: show user functions in UTTARAKHAND_TREK_DB.TREK_ANALYTICS
/* {"app": "dbt", "dbt_version": "1.12.4", "profile_name": "uttarakhand_trek", "target_name": "dev", "connection_name": "list_UTTARAKHAND_TREK_DB_TREK_ANALYTICS"} */
[0m23:10:57.287125 [debug] [ThreadPool]: SQL status: SUCCESS 0 in 0.150 seconds
[0m23:10:57.291053 [debug] [MainThread]: Sending event: {'category': 'dbt', 'action': 'runnable_timing', 'label': 'd820f053-18c3-4fe9-9651-5691dbb988b4', 'context': [<snowplow_tracker.self_describing_json.SelfDescribingJson object at 0x00000225A9774940>]}
[0m23:10:57.294541 [debug] [Thread-5 (]: Began running node test.uttarakhand_trek.not_null_trek_analytics__trek_id_.b10f3d3df9
[0m23:10:57.295140 [debug] [Thread-4 (]: Began running node test.uttarakhand_trek.not_null_stg_weather__trek_id_.e5f1788dd4
[0m23:10:57.294880 [info ] [Thread-5 (]: 4 of 5 START test not_null_trek_analytics__trek_id_ ............................ [RUN]
[0m23:10:57.295899 [debug] [Thread-2 (]: Began running node test.uttarakhand_trek.not_null_int_trek_weather__trek_id_.34038cd229
[0m23:10:57.296247 [debug] [Thread-3 (]: Began running node test.uttarakhand_trek.not_null_stg_treks__trek_id_.201db7439c
[0m23:10:57.296663 [debug] [Thread-5 (]: Acquiring new snowflake connection 'test.uttarakhand_trek.not_null_trek_analytics__trek_id_.b10f3d3df9'
[0m23:10:57.295445 [info ] [Thread-4 (]: 3 of 5 START test not_null_stg_weather__trek_id_ ............................... [RUN]
[0m23:10:57.297052 [info ] [Thread-2 (]: 1 of 5 START test not_null_int_trek_weather__trek_id_ .......................... [RUN]
[0m23:10:57.297731 [debug] [Thread-5 (]: Began compiling node test.uttarakhand_trek.not_null_trek_analytics__trek_id_.b10f3d3df9
[0m23:10:57.297461 [info ] [Thread-3 (]: 2 of 5 START test not_null_stg_treks__trek_id_ ................................. [RUN]
[0m23:10:57.298241 [debug] [Thread-4 (]: Acquiring new snowflake connection 'test.uttarakhand_trek.not_null_stg_weather__trek_id_.e5f1788dd4'
[0m23:10:57.298625 [debug] [Thread-2 (]: Acquiring new snowflake connection 'test.uttarakhand_trek.not_null_int_trek_weather__trek_id_.34038cd229'
[0m23:10:57.315194 [debug] [Thread-5 (]: Writing injected SQL for node "test.uttarakhand_trek.not_null_trek_analytics__trek_id_.b10f3d3df9"
[0m23:10:57.315780 [debug] [Thread-3 (]: Acquiring new snowflake connection 'test.uttarakhand_trek.not_null_stg_treks__trek_id_.201db7439c'
[0m23:10:57.316150 [debug] [Thread-4 (]: Began compiling node test.uttarakhand_trek.not_null_stg_weather__trek_id_.e5f1788dd4
[0m23:10:57.316474 [debug] [Thread-2 (]: Began compiling node test.uttarakhand_trek.not_null_int_trek_weather__trek_id_.34038cd229
[0m23:10:57.316946 [debug] [Thread-3 (]: Began compiling node test.uttarakhand_trek.not_null_stg_treks__trek_id_.201db7439c
[0m23:10:57.322754 [debug] [Thread-4 (]: Writing injected SQL for node "test.uttarakhand_trek.not_null_stg_weather__trek_id_.e5f1788dd4"
[0m23:10:57.328026 [debug] [Thread-2 (]: Writing injected SQL for node "test.uttarakhand_trek.not_null_int_trek_weather__trek_id_.34038cd229"
[0m23:10:57.333372 [debug] [Thread-3 (]: Writing injected SQL for node "test.uttarakhand_trek.not_null_stg_treks__trek_id_.201db7439c"
[0m23:10:57.333826 [debug] [Thread-5 (]: Began executing node test.uttarakhand_trek.not_null_trek_analytics__trek_id_.b10f3d3df9
[0m23:10:57.350863 [debug] [Thread-5 (]: Writing runtime sql for node "test.uttarakhand_trek.not_null_trek_analytics__trek_id_.b10f3d3df9"
[0m23:10:57.351732 [debug] [Thread-4 (]: Began executing node test.uttarakhand_trek.not_null_stg_weather__trek_id_.e5f1788dd4
[0m23:10:57.353490 [debug] [Thread-4 (]: Writing runtime sql for node "test.uttarakhand_trek.not_null_stg_weather__trek_id_.e5f1788dd4"
[0m23:10:57.354084 [debug] [Thread-2 (]: Began executing node test.uttarakhand_trek.not_null_int_trek_weather__trek_id_.34038cd229
[0m23:10:57.355516 [debug] [Thread-2 (]: Writing runtime sql for node "test.uttarakhand_trek.not_null_int_trek_weather__trek_id_.34038cd229"
[0m23:10:57.356490 [debug] [Thread-5 (]: Using snowflake connection "test.uttarakhand_trek.not_null_trek_analytics__trek_id_.b10f3d3df9"
[0m23:10:57.356891 [debug] [Thread-5 (]: On test.uttarakhand_trek.not_null_trek_analytics__trek_id_.b10f3d3df9: select
      count(*) as failures,
      count(*) != 0 as should_warn,
      count(*) != 0 as should_error
    from (
      
    
  
    
    



select "trek_id"
from UTTARAKHAND_TREK_DB.TREK_ANALYTICS.trek_analytics
where "trek_id" is null



  
  
      
    ) dbt_internal_test
/* {"app": "dbt", "dbt_version": "1.12.4", "profile_name": "uttarakhand_trek", "target_name": "dev", "node_id": "test.uttarakhand_trek.not_null_trek_analytics__trek_id_.b10f3d3df9"} */
[0m23:10:57.357178 [debug] [Thread-5 (]: Opening a new connection, currently in state init
[0m23:10:57.357630 [debug] [Thread-3 (]: Began executing node test.uttarakhand_trek.not_null_stg_treks__trek_id_.201db7439c
[0m23:10:57.359429 [debug] [Thread-3 (]: Writing runtime sql for node "test.uttarakhand_trek.not_null_stg_treks__trek_id_.201db7439c"
[0m23:10:57.361076 [debug] [Thread-4 (]: Using snowflake connection "test.uttarakhand_trek.not_null_stg_weather__trek_id_.e5f1788dd4"
[0m23:10:57.361677 [debug] [Thread-2 (]: Using snowflake connection "test.uttarakhand_trek.not_null_int_trek_weather__trek_id_.34038cd229"
[0m23:10:57.361977 [debug] [Thread-4 (]: On test.uttarakhand_trek.not_null_stg_weather__trek_id_.e5f1788dd4: select
      count(*) as failures,
      count(*) != 0 as should_warn,
      count(*) != 0 as should_error
    from (
      
    
  
    
    



select "trek_id"
from UTTARAKHAND_TREK_DB.TREK_ANALYTICS.stg_weather
where "trek_id" is null



  
  
      
    ) dbt_internal_test
/* {"app": "dbt", "dbt_version": "1.12.4", "profile_name": "uttarakhand_trek", "target_name": "dev", "node_id": "test.uttarakhand_trek.not_null_stg_weather__trek_id_.e5f1788dd4"} */
[0m23:10:57.362623 [debug] [Thread-3 (]: Using snowflake connection "test.uttarakhand_trek.not_null_stg_treks__trek_id_.201db7439c"
[0m23:10:57.362959 [debug] [Thread-2 (]: On test.uttarakhand_trek.not_null_int_trek_weather__trek_id_.34038cd229: select
      count(*) as failures,
      count(*) != 0 as should_warn,
      count(*) != 0 as should_error
    from (
      
    
  
    
    



select "trek_id"
from UTTARAKHAND_TREK_DB.TREK_ANALYTICS.int_trek_weather
where "trek_id" is null



  
  
      
    ) dbt_internal_test
/* {"app": "dbt", "dbt_version": "1.12.4", "profile_name": "uttarakhand_trek", "target_name": "dev", "node_id": "test.uttarakhand_trek.not_null_int_trek_weather__trek_id_.34038cd229"} */
[0m23:10:57.363358 [debug] [Thread-4 (]: Opening a new connection, currently in state init
[0m23:10:57.363915 [debug] [Thread-3 (]: On test.uttarakhand_trek.not_null_stg_treks__trek_id_.201db7439c: select
      count(*) as failures,
      count(*) != 0 as should_warn,
      count(*) != 0 as should_error
    from (
      
    
  
    
    



select "trek_id"
from UTTARAKHAND_TREK_DB.TREK_ANALYTICS.stg_treks
where "trek_id" is null



  
  
      
    ) dbt_internal_test
/* {"app": "dbt", "dbt_version": "1.12.4", "profile_name": "uttarakhand_trek", "target_name": "dev", "node_id": "test.uttarakhand_trek.not_null_stg_treks__trek_id_.201db7439c"} */
[0m23:10:57.364374 [debug] [Thread-2 (]: Opening a new connection, currently in state init
[0m23:10:57.365600 [debug] [Thread-3 (]: Opening a new connection, currently in state init
[0m23:10:58.635876 [debug] [Thread-5 (]: SQL status: SUCCESS 1 in 1.279 seconds
[0m23:10:58.643029 [info ] [Thread-5 (]: 4 of 5 PASS not_null_trek_analytics__trek_id_ .................................. [[32mPASS[0m in 1.35s]
[0m23:10:58.644320 [debug] [Thread-5 (]: Finished running node test.uttarakhand_trek.not_null_trek_analytics__trek_id_.b10f3d3df9
[0m23:10:58.644639 [debug] [Thread-5 (]: Began running node test.uttarakhand_trek.unique_stg_treks__trek_id_.ea3db59048
[0m23:10:58.645572 [debug] [Thread-2 (]: SQL status: SUCCESS 1 in 1.281 seconds
[0m23:10:58.647673 [debug] [Thread-4 (]: SQL status: SUCCESS 1 in 1.284 seconds
[0m23:10:58.644896 [info ] [Thread-5 (]: 5 of 5 START test unique_stg_treks__trek_id_ ................................... [RUN]
[0m23:10:58.647091 [info ] [Thread-2 (]: 1 of 5 PASS not_null_int_trek_weather__trek_id_ ................................ [[32mPASS[0m in 1.35s]
[0m23:10:58.649738 [debug] [Thread-5 (]: Re-using an available connection from the pool (formerly test.uttarakhand_trek.not_null_trek_analytics__trek_id_.b10f3d3df9, now test.uttarakhand_trek.unique_stg_treks__trek_id_.ea3db59048)
[0m23:10:58.650689 [debug] [Thread-3 (]: SQL status: SUCCESS 1 in 1.285 seconds
[0m23:10:58.651317 [debug] [Thread-2 (]: Finished running node test.uttarakhand_trek.not_null_int_trek_weather__trek_id_.34038cd229
[0m23:10:58.649190 [info ] [Thread-4 (]: 3 of 5 PASS not_null_stg_weather__trek_id_ ..................................... [[32mPASS[0m in 1.35s]
[0m23:10:58.651805 [debug] [Thread-5 (]: Began compiling node test.uttarakhand_trek.unique_stg_treks__trek_id_.ea3db59048
[0m23:10:58.653729 [info ] [Thread-3 (]: 2 of 5 PASS not_null_stg_treks__trek_id_ ....................................... [[32mPASS[0m in 1.34s]
[0m23:10:58.654556 [debug] [Thread-4 (]: Finished running node test.uttarakhand_trek.not_null_stg_weather__trek_id_.e5f1788dd4
[0m23:10:58.664049 [debug] [Thread-5 (]: Writing injected SQL for node "test.uttarakhand_trek.unique_stg_treks__trek_id_.ea3db59048"
[0m23:10:58.664756 [debug] [Thread-3 (]: Finished running node test.uttarakhand_trek.not_null_stg_treks__trek_id_.201db7439c
[0m23:10:58.665985 [debug] [Thread-5 (]: Began executing node test.uttarakhand_trek.unique_stg_treks__trek_id_.ea3db59048
[0m23:10:58.668054 [debug] [Thread-5 (]: Writing runtime sql for node "test.uttarakhand_trek.unique_stg_treks__trek_id_.ea3db59048"
[0m23:10:58.669600 [debug] [Thread-5 (]: Using snowflake connection "test.uttarakhand_trek.unique_stg_treks__trek_id_.ea3db59048"
[0m23:10:58.670033 [debug] [Thread-5 (]: On test.uttarakhand_trek.unique_stg_treks__trek_id_.ea3db59048: select
      count(*) as failures,
      count(*) != 0 as should_warn,
      count(*) != 0 as should_error
    from (
      
    
  
    
    

select
    "trek_id" as unique_field,
    count(*) as n_records

from UTTARAKHAND_TREK_DB.TREK_ANALYTICS.stg_treks
where "trek_id" is not null
group by "trek_id"
having count(*) > 1



  
  
      
    ) dbt_internal_test
/* {"app": "dbt", "dbt_version": "1.12.4", "profile_name": "uttarakhand_trek", "target_name": "dev", "node_id": "test.uttarakhand_trek.unique_stg_treks__trek_id_.ea3db59048"} */
[0m23:10:58.935215 [debug] [Thread-5 (]: SQL status: SUCCESS 1 in 0.265 seconds
[0m23:10:58.937536 [info ] [Thread-5 (]: 5 of 5 PASS unique_stg_treks__trek_id_ ......................................... [[32mPASS[0m in 0.29s]
[0m23:10:58.938384 [debug] [Thread-5 (]: Finished running node test.uttarakhand_trek.unique_stg_treks__trek_id_.ea3db59048
[0m23:10:58.939740 [debug] [MainThread]: Connection 'master' was properly closed.
[0m23:10:58.939982 [debug] [MainThread]: Connection 'list_UTTARAKHAND_TREK_DB_TREK_ANALYTICS' was left open.
[0m23:10:58.940196 [debug] [MainThread]: On list_UTTARAKHAND_TREK_DB_TREK_ANALYTICS: Close
[0m23:10:59.176218 [debug] [MainThread]: Connection 'test.uttarakhand_trek.unique_stg_treks__trek_id_.ea3db59048' was left open.
[0m23:10:59.176776 [debug] [MainThread]: On test.uttarakhand_trek.unique_stg_treks__trek_id_.ea3db59048: Close
[0m23:10:59.416171 [debug] [MainThread]: Connection 'test.uttarakhand_trek.not_null_stg_weather__trek_id_.e5f1788dd4' was left open.
[0m23:10:59.416732 [debug] [MainThread]: On test.uttarakhand_trek.not_null_stg_weather__trek_id_.e5f1788dd4: Close
[0m23:10:59.647817 [debug] [MainThread]: Connection 'test.uttarakhand_trek.not_null_int_trek_weather__trek_id_.34038cd229' was left open.
[0m23:10:59.648379 [debug] [MainThread]: On test.uttarakhand_trek.not_null_int_trek_weather__trek_id_.34038cd229: Close
[0m23:10:59.883091 [debug] [MainThread]: Connection 'test.uttarakhand_trek.not_null_stg_treks__trek_id_.201db7439c' was left open.
[0m23:10:59.883654 [debug] [MainThread]: On test.uttarakhand_trek.not_null_stg_treks__trek_id_.201db7439c: Close
[0m23:11:00.151354 [info ] [MainThread]: 
[0m23:11:00.151838 [info ] [MainThread]: Finished running 5 data tests in 0 hours 0 minutes and 4.52 seconds (4.52s).
[0m23:11:00.153074 [debug] [MainThread]: Command end result
[0m23:11:00.184801 [debug] [MainThread]: Wrote artifact WritableManifest to C:\7thsem\uttarakhand-trek-intelligence\pipeline\dbt\target\manifest.json
[0m23:11:00.188100 [debug] [MainThread]: Wrote artifact SemanticManifest to C:\7thsem\uttarakhand-trek-intelligence\pipeline\dbt\target\semantic_manifest.json
[0m23:11:00.190973 [debug] [MainThread]: Wrote artifact OsiDocument to C:\7thsem\uttarakhand-trek-intelligence\pipeline\dbt\target\osi_document.json
[0m23:11:00.197620 [debug] [MainThread]: Wrote artifact RunExecutionResult to C:\7thsem\uttarakhand-trek-intelligence\pipeline\dbt\target\run_results.json
[0m23:11:00.198003 [info ] [MainThread]: 
[0m23:11:00.198529 [info ] [MainThread]: [32mCompleted successfully[0m
[0m23:11:00.198957 [info ] [MainThread]: 
[0m23:11:00.199353 [info ] [MainThread]: Done. PASS=5 WARN=0 ERROR=0 SKIP=0 NO-OP=0 REUSED=0 TOTAL=5
[0m23:11:00.200225 [debug] [MainThread]: Command `dbt test` succeeded at 23:11:00.200129 after 6.73 seconds
[0m23:11:00.200521 [debug] [MainThread]: Sending event: {'category': 'dbt', 'action': 'invocation', 'label': 'end', 'context': [<snowplow_tracker.self_describing_json.SelfDescribingJson object at 0x000002258E143E90>, <snowplow_tracker.self_describing_json.SelfDescribingJson object at 0x00000225A97B1440>, <snowplow_tracker.self_describing_json.SelfDescribingJson object at 0x00000225A97B1700>]}
[0m23:11:00.200829 [debug] [MainThread]: Flushing usage events
[0m23:11:01.687389 [debug] [MainThread]: An error was encountered while trying to flush usage events
